site;Cl;NO3;SO4;Ca;K;Mg;Na;Si;cond;temp;catchment ;catchment_class;ASV_1;ASV_2;ASV_3;ASV_4;ASV_5;ASV_6;ASV_7;ASV_8;ASV_9;ASV_10;ASV_11;ASV_12;ASV_13;ASV_14;ASV_15;ASV_16;ASV_17;ASV_18;ASV_19;ASV_20;ASV_21;ASV_22;ASV_23;ASV_24;ASV_25;ASV_26;ASV_27;ASV_28;ASV_29;ASV_30;ASV_31;ASV_32;ASV_33;ASV_34;ASV_35;ASV_36;ASV_37;ASV_38;ASV_39;ASV_40;ASV_41;ASV_42;ASV_43;ASV_44;ASV_45;ASV_46;ASV_47;ASV_48;ASV_49;ASV_50;ASV_51;ASV_52;ASV_53;ASV_54;ASV_55;ASV_56;ASV_57;ASV_58;ASV_59;ASV_60;ASV_61;ASV_62;ASV_63;ASV_64;ASV_65;ASV_66;ASV_67;ASV_68;ASV_69;ASV_70;ASV_71;ASV_72;ASV_73;ASV_74;ASV_75;ASV_76;ASV_77;ASV_78;ASV_79;ASV_80;ASV_81;ASV_82;ASV_83;ASV_84;ASV_85;ASV_86;ASV_87;ASV_88;ASV_89;ASV_90;ASV_91;ASV_92;ASV_93;ASV_94;ASV_95;ASV_96;ASV_97;ASV_98;ASV_99;ASV_100;ASV_101;ASV_102;ASV_103;ASV_104;ASV_105;ASV_106;ASV_107;ASV_108;ASV_109;ASV_110;ASV_111;ASV_112;ASV_113;ASV_114;ASV_115;ASV_116;ASV_117;ASV_118;ASV_119;ASV_120;ASV_121;ASV_122;ASV_123;ASV_124;ASV_125;ASV_126;ASV_127;ASV_128;ASV_129;ASV_130;ASV_131;ASV_132;ASV_133;ASV_134;ASV_135;ASV_136;ASV_137;ASV_138;ASV_139;ASV_140;ASV_141;ASV_142;ASV_143;ASV_144;ASV_145;ASV_146;ASV_147;ASV_148;ASV_149;ASV_150;ASV_151;ASV_152;ASV_153;ASV_154;ASV_155;ASV_156;ASV_157;ASV_158;ASV_159;ASV_160;ASV_161;ASV_162;ASV_163;ASV_164;ASV_165;ASV_166;ASV_167;ASV_168;ASV_169;ASV_170;ASV_172;ASV_173;ASV_174;ASV_175;ASV_176;ASV_177;ASV_178;ASV_179;ASV_180;ASV_181;ASV_182;ASV_183;ASV_184;ASV_185;ASV_186;ASV_187;ASV_188;ASV_189;ASV_190;ASV_191;ASV_192;ASV_193;ASV_194;ASV_195;ASV_196;ASV_197;ASV_198;ASV_199;ASV_200;ASV_201;ASV_202;ASV_203;ASV_204;ASV_205;ASV_206;ASV_207;ASV_208;ASV_209;ASV_210;ASV_212;ASV_213;ASV_214;ASV_215;ASV_216;ASV_217;ASV_218;ASV_219;ASV_220;ASV_221;ASV_222;ASV_223;ASV_224;ASV_225;ASV_226;ASV_227;ASV_228;ASV_229;ASV_230;ASV_231;ASV_232;ASV_233;ASV_234;ASV_235;ASV_236;ASV_237;ASV_238;ASV_239;ASV_240;ASV_241;ASV_242;ASV_243;ASV_244;ASV_245;ASV_246;ASV_247;ASV_248;ASV_249;ASV_250;ASV_251;ASV_252;ASV_253;ASV_254;ASV_255;ASV_256;ASV_257;ASV_258;ASV_259;ASV_260;ASV_261;ASV_262;ASV_263;ASV_264;ASV_265;ASV_266;ASV_267;ASV_268;ASV_269;ASV_270;ASV_271;ASV_272;ASV_273;ASV_274;ASV_275;ASV_276;ASV_277;ASV_278;ASV_279;ASV_280;ASV_281;ASV_282;ASV_283;ASV_284;ASV_286;ASV_287;ASV_288;ASV_290;ASV_291;ASV_292;ASV_293;ASV_294;ASV_295;ASV_296;ASV_297;ASV_298;ASV_299;ASV_300;ASV_301;ASV_302;ASV_303;ASV_304;ASV_305;ASV_306;ASV_307;ASV_308;ASV_309;ASV_310;ASV_311;ASV_312;ASV_313;ASV_314;ASV_315;ASV_316;ASV_317;ASV_318;ASV_319;ASV_320;ASV_322;ASV_323;ASV_324;ASV_325;ASV_326;ASV_327;ASV_328;ASV_329;ASV_330;ASV_331;ASV_332;ASV_333;ASV_334;ASV_335;ASV_336;ASV_338;ASV_339;ASV_340;ASV_341;ASV_342;ASV_343;ASV_344;ASV_345;ASV_346;ASV_347;ASV_348;ASV_349;ASV_351;ASV_352;ASV_353;ASV_354;ASV_355;ASV_356;ASV_357;ASV_358;ASV_360;ASV_361;ASV_362;ASV_363;ASV_364;ASV_365;ASV_366;ASV_367;ASV_368;ASV_370;ASV_371;ASV_372;ASV_373;ASV_374;ASV_376;ASV_377;ASV_378;ASV_379;ASV_380;ASV_381;ASV_382;ASV_383;ASV_384;ASV_386;ASV_387;ASV_388;ASV_389;ASV_390;ASV_391;ASV_392;ASV_393;ASV_394;ASV_395;ASV_396;ASV_397;ASV_398;ASV_399;ASV_400;ASV_401;ASV_402;ASV_403;ASV_404;ASV_405;ASV_406;ASV_407;ASV_408;ASV_409;ASV_410;ASV_411;ASV_412;ASV_413;ASV_414;ASV_415;ASV_416;ASV_417;ASV_418;ASV_419;ASV_420;ASV_421;ASV_422;ASV_423;ASV_424;ASV_425;ASV_426;ASV_427;ASV_428;ASV_429;ASV_430;ASV_431;ASV_432;ASV_433;ASV_434;ASV_435;ASV_436;ASV_437;ASV_438;ASV_439;ASV_440;ASV_441;ASV_442;ASV_443;ASV_444;ASV_445;ASV_446;ASV_447;ASV_448;ASV_449;ASV_450;ASV_452;ASV_453;ASV_454;ASV_455;ASV_456;ASV_457;ASV_458;ASV_459;ASV_460;ASV_461;ASV_462;ASV_463;ASV_464;ASV_465;ASV_466;ASV_467;ASV_468;ASV_469;ASV_470;ASV_471;ASV_472;ASV_473;ASV_474;ASV_475;ASV_476;ASV_477;ASV_478;ASV_479;ASV_480;ASV_481;ASV_482;ASV_483;ASV_484;ASV_485;ASV_486;ASV_487;ASV_488;ASV_489;ASV_490;ASV_491;ASV_492;ASV_493;ASV_494;ASV_495;ASV_496;ASV_497;ASV_498;ASV_499;ASV_500;ASV_501;ASV_502;ASV_503;ASV_504;ASV_505;ASV_506;ASV_507;ASV_508;ASV_510;ASV_511;ASV_512;ASV_513;ASV_514;ASV_515;ASV_516;ASV_517;ASV_519;ASV_520;ASV_521;ASV_522;ASV_523;ASV_524;ASV_525;ASV_526;ASV_527;ASV_528;ASV_529;ASV_530;ASV_531;ASV_532;ASV_533;ASV_534;ASV_535;ASV_536;ASV_537;ASV_538;ASV_539;ASV_540;ASV_541;ASV_542;ASV_543;ASV_544;ASV_545;ASV_546;ASV_547;ASV_548;ASV_549;ASV_550;ASV_551;ASV_552;ASV_553;ASV_554;ASV_555;ASV_556;ASV_557;ASV_558;ASV_559;ASV_560;ASV_562;ASV_563;ASV_564;ASV_565;ASV_566;ASV_567;ASV_568;ASV_569;ASV_570;ASV_572;ASV_573;ASV_574;ASV_575;ASV_576;ASV_577;ASV_578;ASV_579;ASV_580;ASV_581;ASV_582;ASV_583;ASV_584;ASV_585;ASV_586;ASV_587;ASV_588;ASV_589;ASV_590;ASV_592;ASV_593;ASV_594;ASV_595;ASV_596;ASV_597;ASV_598;ASV_599;ASV_600;ASV_601;ASV_602;ASV_603;ASV_604;ASV_605;ASV_606;ASV_607;ASV_608;ASV_609;ASV_610;ASV_611;ASV_612;ASV_613;ASV_614;ASV_615;ASV_616;ASV_618;ASV_620;ASV_621;ASV_624;ASV_625;ASV_626;ASV_627;ASV_628;ASV_629;ASV_630;ASV_631;ASV_632;ASV_633;ASV_634;ASV_636;ASV_637;ASV_638;ASV_640;ASV_641;ASV_642;ASV_643;ASV_644;ASV_645;ASV_646;ASV_647;ASV_648;ASV_649;ASV_651;ASV_652;ASV_653;ASV_654;ASV_655;ASV_656;ASV_657;ASV_658;ASV_659;ASV_660;ASV_661;ASV_662;ASV_663;ASV_664;ASV_665;ASV_666;ASV_667;ASV_668;ASV_669;ASV_670;ASV_671;ASV_672;ASV_673
2;17.1;1.1;49.2;62.2;1.0;12.0;13.1;3.7;421;17.4;5791;large;16408;11425;5161;22912;21;5726;1390;74;0;180;657;13;488;0;428;305;0;209;0;79;0;948;0;33;57;220;0;0;0;690;0;136;65;0;0;0;0;689;14;0;94;0;12;0;12;0;0;0;14;200;44;0;0;0;0;0;0;0;0;0;0;0;17;75;52;0;0;0;228;0;0;0;0;0;0;28;0;0;0;0;0;0;0;0;70;0;0;112;0;0;0;0;0;0;0;69;0;36;0;24;26;0;0;0;178;0;0;0;0;0;0;0;0;24;0;0;0;0;0;0;0;0;0;25;0;0;0;0;0;0;10;141;0;0;0;0;0;3;0;0;0;0;0;0;0;0;0;0;0;0;42;0;0;63;0;0;0;0;0;0;0;17;0;0;0;0;56;0;27;0;0;0;0;0;0;0;20;0;0;0;0;0;0;0;0;0;0;0;0;67;0;8;0;0;0;0;0;0;0;0;0;0;0;0;0;0;0;0;18;0;0;0;0;0;0;0;128;0;0;68;0;0;39;0;0;0;0;0;0;0;0;0;0;0;0;0;0;0;0;0;0;0;0;163;0;0;0;0;0;42;0;0;0;31;19;0;57;0;0;0;0;0;0;0;0;0;0;0;0;0;0;0;0;43;0;0;0;0;0;0;0;0;11;0;0;0;0;0;0;0;0;0;0;3;0;0;0;0;0;0;20;0;0;0;0;0;0;0;0;0;0;0;0;0;0;0;0;0;0;0;0;0;0;0;0;0;0;0;0;0;0;0;0;0;0;0;0;0;0;0;0;0;0;0;0;0;0;0;0;0;0;0;0;0;0;0;0;0;0;0;0;0;0;0;0;0;0;0;0;0;0;0;0;0;0;0;0;0;0;0;0;0;0;0;0;0;0;0;0;0;0;0;0;0;0;0;0;0;0;0;0;0;0;0;0;0;0;0;0;0;0;0;0;0;0;0;0;0;0;0;30;0;0;0;0;0;0;0;0;0;0;0;0;0;0;0;0;0;0;0;0;0;0;0;0;0;0;0;24;0;0;0;0;0;0;0;0;0;0;0;0;0;0;0;0;0;0;0;0;0;0;0;0;0;0;0;0;0;0;0;0;0;0;0;0;0;0;0;0;0;0;0;0;0;0;0;0;0;0;0;0;0;0;0;0;0;0;0;0;0;0;0;0;0;0;0;0;0;0;0;0;0;0;0;0;0;0;0;0;0;0;0;0;0;0;0;0;0;0;0;0;0;0;0;0;0;0;0;0;0;0;0;0;0;0;0;0;2;0;0;0;0;0;0;0;0;0;0;0;0;0;0;0;0;0;0;0;0;0;0;0;0;0;0;0;0;0;0;0;0;0;0;0;0;0;0;0;0;0;0;0;0;0;0;0;0;0;0;0;0;0;0;0;0;0;0;0;0;0;0;0;0;0;0;0;0;0;0;0;0;0;0;0;0;0;0;0;0;0;0;0;0;0;0;0;0;0;0;0
3;14.0;0.7;21.0;54.4;1.0;9.4;11.9;2.4;360;19.7;694;medium;4187;1005;0;1022;0;1195;2756;0;0;30;143;0;421;0;0;705;123;86;0;68;0;0;0;0;480;291;0;0;122;632;34;282;0;0;0;0;0;34;10;0;0;0;0;0;14;0;0;0;0;92;55;0;0;0;262;0;0;41;0;0;0;14;0;0;0;0;0;0;0;0;140;99;0;0;29;44;0;0;0;0;0;0;0;0;0;0;0;0;64;0;0;40;0;0;0;0;0;78;0;0;0;0;139;0;0;0;0;0;35;129;0;0;10;0;0;0;0;0;66;0;0;0;53;0;0;0;0;0;0;0;0;0;0;0;0;0;0;0;0;0;0;0;0;14;0;412;0;0;0;0;0;0;0;161;0;0;0;0;0;0;0;5;0;0;0;25;0;0;0;0;0;0;0;0;0;0;17;0;0;0;0;0;0;0;0;0;0;0;0;0;0;0;0;0;0;0;0;0;0;0;0;0;0;0;0;0;0;0;0;0;0;0;0;0;0;0;0;0;0;0;0;0;0;0;0;0;0;0;0;0;0;0;0;0;0;0;0;0;0;0;0;16;0;0;0;0;0;0;0;0;0;0;0;0;0;0;0;0;0;0;0;0;0;0;144;0;0;0;0;0;0;0;0;0;0;0;0;0;0;0;0;0;0;0;0;0;0;0;0;0;0;13;0;0;0;0;0;0;0;0;14;0;0;0;0;0;11;0;0;0;0;0;0;0;19;0;0;0;0;0;0;0;0;0;0;0;0;16;0;0;0;0;0;0;0;0;5;0;0;0;0;0;0;0;0;0;0;0;0;0;0;0;0;0;0;0;0;0;0;0;0;0;0;0;0;0;0;0;0;0;0;0;0;0;0;0;0;0;0;0;0;0;0;0;0;0;0;0;0;0;7;0;0;0;0;0;0;0;0;0;0;0;0;0;0;0;0;0;0;15;0;0;0;0;0;0;0;0;0;0;0;0;0;0;0;0;0;0;0;0;0;0;0;0;0;0;0;0;0;0;0;0;0;0;0;0;0;0;0;0;0;0;0;0;0;0;0;0;0;0;0;0;0;0;0;0;0;20;0;0;0;0;0;0;0;0;0;0;0;0;0;0;0;0;0;0;0;0;0;0;0;0;0;0;0;0;0;0;0;0;15;0;0;0;0;0;0;5;0;0;0;0;0;0;0;0;0;0;0;0;0;0;0;0;0;0;0;0;0;0;0;0;0;0;0;0;0;0;0;0;0;0;0;0;0;0;0;0;0;0;0;0;0;0;9;0;0;0;0;0;0;0;0;0;0;0;0;0;0;0;0;0;0;0;0;0;0;0;0;0;0;0;0;0;0;0;0;0;0;0;0;0;0;0;0;0;0;0;0;0;0;0;0;0;0;0;0;0;0;0;0;0;0;0;0;0;0;0;0;0;0;0;0;0;0;0;0;0;0;0;0;0;0;0;0;0;0;0;0;0;0;0;0;0;0;0;2;2;2
4;17.4;1.1;47.8;64.8;1.0;12.6;14.0;4.0;431;15.4;6496;large;4933;2683;4579;2604;0;1712;107;30;0;67;196;21;0;0;0;0;64;70;0;0;0;892;0;0;34;0;0;6;6;336;241;0;105;0;0;0;0;196;0;0;0;0;0;0;17;0;0;0;16;0;37;0;0;0;0;0;0;0;0;0;0;25;18;66;0;0;0;54;0;0;88;0;0;0;46;86;0;0;0;0;0;0;0;0;0;0;0;0;0;0;0;0;0;0;47;0;0;0;0;0;0;0;0;0;0;0;0;0;0;0;0;0;0;0;0;0;0;0;125;13;0;0;0;0;0;0;0;0;0;0;0;15;0;0;0;0;0;0;0;0;0;0;0;0;0;0;0;0;0;0;0;25;0;21;0;0;0;0;0;0;0;15;0;0;0;0;0;0;0;0;0;0;0;0;0;0;11;0;0;0;0;0;0;0;0;0;0;0;0;0;0;0;0;0;0;0;0;0;0;0;0;0;0;0;0;0;0;0;14;0;0;0;0;0;0;0;0;0;0;0;0;0;0;0;0;0;0;0;0;0;0;0;0;0;0;0;0;0;0;0;0;25;0;0;0;0;0;0;0;0;0;0;0;0;0;0;57;0;0;0;0;0;0;0;0;0;0;0;0;0;2;0;0;0;0;0;0;0;0;0;0;0;0;0;0;0;0;0;0;0;0;0;0;0;0;0;0;0;0;0;0;0;0;0;0;0;0;0;0;0;0;0;0;0;0;0;0;0;0;0;0;0;0;0;0;0;0;0;0;0;0;0;0;0;0;0;7;0;0;0;0;0;0;0;0;0;0;0;0;0;0;0;0;0;0;0;0;0;0;0;0;0;0;0;0;0;0;0;0;0;0;0;0;0;0;0;0;0;0;0;0;0;0;0;0;0;0;0;0;0;8;0;0;0;0;0;0;0;0;0;0;0;0;0;0;0;0;0;0;0;0;0;0;0;0;0;0;0;0;0;0;0;0;0;0;4;0;0;0;0;0;0;0;0;0;0;0;0;0;0;0;0;0;0;0;0;0;0;0;0;0;0;0;0;0;0;0;0;0;0;0;0;0;0;0;0;0;0;0;0;0;0;0;0;0;0;0;0;0;0;0;0;0;0;0;0;0;0;0;0;0;0;0;0;0;0;0;0;0;0;0;0;0;0;0;0;0;0;0;0;0;0;0;0;0;0;0;0;0;0;0;0;0;0;0;0;0;0;0;0;0;0;0;0;0;0;0;0;0;0;0;0;0;0;0;0;0;0;0;0;0;0;0;0;0;0;0;0;0;0;0;0;0;0;0;0;0;0;0;0;0;0;0;0;0;0;0;0;0;0;0;0;0;0;0;0;0;0;0;0;0;0;0;0;0;0;0;0;0;0;0;0;0;0;0;0;0;0;0;0;0;0;0;0;0;0;0;0;0;0;0;0;0;0;0;0;0;0;0;0;0;0;0;0;0;0;0;0;0;0;0;0;0;0;0;0;0;0;0
6;15.4;1.0;48.3;61.7;0.9;11.4;12.0;3.6;412;14.2;5522;large;3674;1398;1014;1666;483;634;287;0;0;150;439;11;0;0;0;85;66;226;10;160;0;152;0;24;48;0;0;0;0;0;0;0;4;24;0;0;0;24;18;0;111;11;120;0;21;0;15;5;116;0;70;10;0;0;0;0;19;0;0;0;0;0;13;0;45;0;0;0;0;0;22;0;0;0;0;0;0;0;0;27;60;0;0;0;0;0;0;0;0;0;0;0;0;0;0;0;0;0;0;0;42;0;0;0;0;0;0;0;0;0;0;0;47;0;0;0;0;0;17;0;0;0;0;17;0;0;0;0;0;0;0;15;9;0;0;0;0;0;17;0;0;0;0;0;0;0;0;7;0;0;13;30;0;0;0;0;0;0;0;0;0;0;0;0;0;0;0;0;0;14;0;0;0;0;0;0;10;14;0;0;0;0;0;0;0;0;0;0;0;0;10;0;0;0;0;37;0;0;0;88;0;0;0;0;0;0;0;0;11;0;0;0;0;0;0;0;0;0;0;0;0;0;0;0;0;0;0;0;0;0;0;0;0;0;0;0;0;0;0;0;0;40;0;0;0;0;0;0;0;0;0;0;0;0;0;0;0;0;0;0;0;0;0;0;0;0;0;0;0;0;6;0;0;22;0;0;0;0;0;0;0;0;7;0;0;0;0;0;0;0;0;0;0;0;0;0;0;0;0;0;0;0;0;0;0;0;0;0;0;0;0;0;0;0;0;0;0;0;0;0;0;0;0;0;0;0;0;0;0;0;0;0;0;0;0;0;0;0;0;0;0;0;0;0;0;0;0;0;0;0;0;0;0;0;0;0;0;0;0;0;0;0;0;0;0;0;0;0;0;0;0;0;0;0;0;0;0;0;0;0;0;0;0;0;0;0;0;0;0;0;0;0;0;0;0;0;0;0;0;0;0;0;0;0;0;0;0;0;0;0;0;0;0;0;0;0;0;0;0;0;0;0;0;0;0;0;0;0;0;0;0;0;0;0;0;0;0;0;0;0;0;0;0;0;0;0;0;0;0;0;0;0;0;0;0;0;0;0;0;0;0;0;0;0;0;0;0;0;0;0;0;0;0;0;0;0;0;0;0;0;0;0;0;0;0;0;0;0;0;0;0;0;0;0;0;0;0;0;0;0;0;0;0;0;0;0;0;0;0;0;0;0;0;0;0;0;13;0;0;0;0;12;0;0;0;0;0;0;0;0;11;0;0;0;0;0;0;0;10;10;0;0;0;0;0;0;0;0;0;0;0;0;0;0;0;0;0;0;0;0;0;0;0;0;0;0;8;0;0;0;0;0;0;0;0;0;0;0;0;0;0;0;0;0;0;0;0;0;0;0;0;0;0;0;0;6;0;0;0;0;0;0;0;0;0;0;0;0;0;0;0;0;0;0;0;0;0;0;0;0;0;0;0;0;0;0;0;0;0;0;0;0;0;0;0;0;0;0;0;0;0;0;0;0;0;0;0;0;0
7;15.8;0.8;50.2;60.3;0.9;11.3;11.8;3.5;409;15.3;5432;large;19766;14081;16054;10293;79;3488;874;288;503;484;282;0;748;0;253;296;234;703;0;0;0;3005;0;0;82;195;0;0;0;281;0;112;8;0;0;0;0;170;0;0;123;0;27;0;0;0;0;0;32;161;59;0;0;0;192;0;0;0;0;0;0;0;0;60;91;0;0;0;120;31;30;0;0;0;0;44;0;0;0;0;0;0;0;0;57;0;0;88;0;0;0;0;0;0;0;46;0;92;0;8;35;0;0;309;224;0;0;0;0;0;0;0;0;0;0;289;0;0;0;0;0;0;0;18;0;0;0;0;0;0;0;53;0;0;0;0;0;0;8;0;0;0;0;0;0;0;0;0;0;0;0;0;0;0;0;0;0;0;0;0;0;24;44;0;0;0;0;0;0;0;0;21;0;0;0;0;0;0;0;0;0;0;0;0;0;0;0;0;0;27;0;7;0;0;0;0;0;0;0;97;0;0;0;0;0;0;0;0;18;0;0;126;0;0;0;0;0;0;0;41;0;0;22;0;0;0;0;0;0;0;0;0;0;0;0;0;0;0;0;0;0;0;0;0;0;3;0;0;0;22;0;0;0;20;0;0;0;0;0;0;0;0;0;0;0;0;0;0;6;0;0;0;0;33;0;0;0;0;0;0;0;0;0;0;0;9;0;0;0;0;0;0;0;0;23;0;0;0;0;0;11;0;0;0;0;0;0;0;0;0;0;0;0;0;0;0;0;0;0;0;0;0;0;0;0;0;0;0;0;0;0;0;0;0;0;0;0;0;0;0;0;0;0;0;0;0;0;0;0;0;0;0;0;0;0;0;0;0;0;0;0;0;0;0;0;0;0;0;0;0;0;0;0;0;0;0;0;0;0;0;0;0;0;10;0;5;0;0;0;0;0;2;0;0;0;0;0;0;0;0;0;0;0;0;0;0;0;0;0;0;0;0;0;0;0;0;0;0;0;0;0;0;0;0;0;0;0;0;0;0;0;4;0;0;0;0;0;0;0;0;0;0;0;0;0;0;0;0;0;0;0;0;0;0;0;0;0;0;0;0;0;0;0;0;0;0;0;0;0;0;0;0;0;0;0;0;0;0;0;0;0;0;0;0;0;0;0;0;0;0;0;0;0;0;0;0;0;0;0;0;0;0;0;0;0;0;0;0;0;0;0;0;0;0;0;0;0;0;0;0;0;0;0;0;0;0;0;0;0;0;0;0;0;0;0;0;0;0;0;0;0;0;0;0;0;0;0;0;0;0;0;0;0;0;0;0;0;0;0;0;0;0;0;0;0;0;0;0;0;0;0;0;0;0;0;0;0;0;0;0;7;0;0;0;0;0;0;0;0;0;0;0;0;0;0;0;0;0;0;0;0;0;0;0;0;0;0;0;0;0;0;0;0;0;0;0;0;0;0;0;0;0;0;0;0;0;0;0;0;0;0;0;0;0;0;0;0;0;0;0;0;0;0;0;2;0;0;0;0
10;9.4;1.0;134.4;47.8;3.2;41.3;59.7;5.3;739;20.5;139;small;188;422;0;2072;0;1749;451;0;0;0;59;19;701;0;62;137;0;0;0;53;0;0;0;0;87;111;19;76;135;250;27;0;0;0;0;0;0;19;0;49;0;0;24;0;0;0;0;0;0;0;24;0;90;0;0;0;57;0;0;0;0;0;0;0;0;0;0;0;88;0;0;0;0;0;153;0;0;26;0;0;0;0;0;0;0;103;0;0;88;0;0;0;0;0;0;0;0;0;0;0;0;29;0;0;79;0;0;0;0;0;0;0;0;0;0;0;29;0;0;0;0;0;0;25;0;0;0;0;0;0;0;19;0;0;0;0;0;0;0;0;0;0;0;0;0;0;0;0;0;0;0;0;0;0;0;0;0;0;23;0;0;0;0;0;0;0;0;0;0;0;0;0;0;0;0;0;0;0;103;0;0;0;0;0;0;0;0;0;0;33;0;0;0;0;0;0;0;0;0;0;0;0;0;0;0;0;0;0;0;0;0;0;90;0;0;0;0;0;0;0;0;0;0;0;0;0;0;0;0;0;0;0;0;0;0;0;0;0;0;0;0;0;0;0;0;0;0;0;0;0;0;0;0;0;0;0;0;0;0;14;0;0;0;21;0;0;0;0;0;0;0;0;0;0;0;0;0;0;0;0;0;0;0;0;0;0;0;0;0;0;0;17;0;0;0;0;0;0;0;0;0;97;0;0;0;0;0;0;0;0;0;0;0;0;64;0;0;0;0;0;0;0;0;0;0;0;0;0;0;0;77;0;0;0;0;0;0;0;0;0;18;0;0;0;0;0;0;0;0;0;30;0;0;0;0;0;0;15;0;0;0;0;0;0;0;0;0;0;0;0;0;0;0;0;0;0;0;0;0;0;0;0;0;0;0;0;42;0;0;0;0;0;0;40;0;0;0;0;0;0;0;0;0;0;0;0;0;0;0;0;0;0;0;32;32;0;0;0;0;0;0;29;0;0;0;0;0;0;0;0;0;0;0;0;0;0;0;0;0;0;0;0;0;0;24;0;0;0;0;23;0;0;0;0;0;0;0;0;0;0;0;0;0;0;0;0;0;0;0;0;0;0;0;0;0;0;0;0;0;0;0;0;0;0;0;0;0;0;0;0;0;0;0;0;0;0;0;0;0;0;0;0;0;0;0;0;0;0;0;0;0;0;0;0;0;0;0;0;12;0;0;0;0;0;0;11;0;0;0;0;0;0;0;0;0;0;0;0;0;0;0;0;0;0;0;0;0;0;0;0;0;0;0;0;0;0;0;0;0;0;0;0;0;0;0;0;0;0;0;0;0;0;0;0;0;0;0;0;0;0;0;0;0;0;0;0;0;0;0;0;0;0;0;0;0;0;0;0;0;0;0;0;0;0;0;0;0;0;0;0;0;0;0;0;0;0;0;0;0;0;0;0;0;0;0;0;0;0;0;0;0;0;0;0;0;0;0;0;0;0;0;0;0;0;0;0;0;0;0
11;15.7;0.9;52.1;62.8;0.9;11.7;12.3;3.7;417;15.1;4985;large;27424;11586;1501;4483;128;3332;2060;2814;320;3462;873;58;144;0;249;512;208;1466;49;0;0;261;397;52;73;384;0;0;0;212;0;247;27;23;8;0;0;953;196;0;199;0;325;0;34;0;0;0;206;290;128;85;0;149;0;0;0;0;83;0;0;0;0;149;514;0;0;0;0;89;672;0;0;310;54;21;0;0;47;0;101;94;0;0;60;0;0;116;70;0;0;0;0;0;0;62;0;140;0;108;183;458;0;0;0;0;36;0;16;0;0;0;0;128;0;0;0;0;137;0;0;0;34;28;0;0;0;0;0;0;24;18;0;0;0;0;0;0;74;0;0;10;0;0;0;0;0;49;0;0;32;60;31;0;22;0;0;0;40;0;23;26;0;0;0;10;0;0;0;49;24;0;0;0;0;0;25;0;0;0;50;0;0;177;0;0;0;0;0;0;0;6;0;0;9;150;0;0;0;0;0;0;0;0;0;0;0;0;93;0;0;0;0;0;0;0;0;0;0;0;10;0;12;0;0;0;0;0;0;0;0;0;0;0;0;0;0;0;0;0;0;59;0;9;16;0;0;0;0;0;0;0;0;0;0;0;0;0;0;0;0;0;0;0;0;64;0;0;6;0;0;0;0;0;0;128;0;0;0;0;0;0;83;0;0;24;0;0;0;0;0;0;0;0;0;0;0;0;0;0;0;0;0;0;0;34;33;33;0;0;0;0;0;0;0;0;0;0;0;0;0;0;0;0;0;0;0;0;0;0;0;0;0;0;0;0;0;0;0;0;0;0;0;0;0;0;0;0;0;0;0;0;0;0;0;0;0;0;0;0;0;0;0;0;0;0;0;0;0;0;0;0;0;0;0;0;0;0;0;0;0;0;0;0;0;0;0;0;0;0;0;0;0;0;0;0;0;0;0;0;0;0;35;0;0;0;0;0;0;0;0;0;0;0;0;0;0;0;0;0;0;0;0;0;0;0;0;0;0;0;4;0;0;0;0;0;0;0;0;0;0;0;0;0;0;0;0;0;0;0;0;0;0;0;0;0;0;0;0;0;0;0;0;0;0;0;0;0;0;0;0;0;0;0;0;0;0;0;0;0;0;0;0;0;0;0;0;0;0;0;0;0;0;0;0;0;0;0;0;0;0;0;0;0;0;0;0;0;0;0;0;0;0;0;0;0;0;0;0;0;0;0;0;0;0;0;0;0;0;0;0;0;0;0;0;0;0;0;0;0;0;0;0;0;0;0;0;0;0;0;0;0;0;0;0;0;0;3;0;0;0;0;0;0;0;0;0;0;0;0;0;0;0;0;0;0;0;0;0;0;0;0;0;0;0;0;0;0;6;0;0;0;0;0;0;0;0;0;0;0;0;0;0;0;0;0;0;0;0;0;0;0;0;0;0;4;0;0;0;0;0;0;3;0;0;0;0;0;0;0;0;0;0;0;0;0;0;0;0;0;0;0;0;0;0;0;0;0;0
12;15.8;0.6;51.8;60.4;0.9;12.0;12.6;3.5;420;15.9;5179;large;1004;537;8;2553;0;14797;421;0;0;43;1351;16;1231;0;0;110;104;291;0;0;0;0;0;0;1334;86;0;12;11;53;0;0;14;0;0;0;0;69;6;0;57;25;13;0;20;0;0;0;88;341;667;34;0;61;123;0;41;21;154;0;0;45;0;124;144;0;0;0;563;0;53;73;0;0;118;81;0;0;0;0;0;0;0;0;15;33;0;0;0;0;118;26;0;0;212;29;0;43;0;316;51;0;0;0;0;0;0;0;13;0;0;0;416;42;0;0;0;0;70;17;0;0;0;235;0;0;13;0;0;0;0;0;0;0;0;0;0;55;0;0;0;0;0;0;0;0;0;23;0;0;63;23;0;0;0;37;0;0;0;0;0;0;0;4;0;0;0;10;0;82;0;0;0;0;0;33;0;7;0;0;0;0;0;0;0;0;0;0;0;0;9;0;0;0;11;0;0;0;0;19;0;0;0;0;0;0;0;38;0;0;0;0;0;0;6;0;0;0;0;0;0;0;0;0;0;0;0;0;0;18;0;0;0;0;0;0;0;0;0;0;0;0;0;0;0;0;0;0;0;0;0;0;0;0;0;54;0;0;0;0;0;0;0;0;0;79;0;0;7;0;15;0;0;0;0;0;0;0;0;0;0;0;0;0;0;0;0;0;0;0;0;0;12;8;0;0;0;0;0;54;32;0;0;0;0;0;9;0;0;0;0;0;0;0;0;0;0;0;0;86;0;0;23;0;0;0;0;28;0;0;0;0;0;0;0;0;0;0;0;0;0;0;0;0;0;0;0;0;0;0;0;0;0;0;0;0;0;36;0;0;0;0;0;0;0;0;0;0;0;0;0;0;0;0;0;0;0;0;0;0;0;0;0;0;0;0;0;0;0;0;20;0;0;0;0;0;0;0;0;0;0;0;0;0;0;0;0;0;0;0;0;0;0;0;0;0;0;0;0;30;0;0;0;0;0;0;0;0;0;0;0;9;0;0;0;0;0;0;0;0;0;0;0;0;0;0;0;0;0;0;0;0;0;0;0;0;0;0;0;0;0;0;0;0;0;0;0;0;0;0;0;0;0;0;13;2;0;0;0;0;0;0;0;0;0;0;0;0;0;0;0;0;0;0;0;0;0;0;0;0;0;0;0;10;0;0;0;0;0;0;0;0;0;0;0;0;0;0;0;0;0;0;0;0;0;0;0;0;0;0;0;0;0;0;0;0;0;0;0;0;0;0;0;0;0;9;0;0;0;0;0;0;0;0;0;0;0;0;8;0;0;0;0;0;0;0;0;0;0;0;0;0;0;0;7;0;0;0;0;0;0;0;0;0;0;0;0;0;0;0;0;0;0;0;0;0;0;0;0;0;0;0;0;0;0;0;0;0;0;0;0;0;0;0;0;0;0;0;0;0;0;0;0;3;0;0;0;0;0;0;0;0;0;0;0;0;0;0;0;0;0;0;0;0;0;0;0;0;0
22;4.4;2.4;15.1;70.5;1.4;24.1;11.1;5.1;473;18.6;173;small;2150;7735;64;26;5375;4313;8539;0;973;0;841;0;1783;0;311;2262;0;56;0;1172;0;0;0;148;1581;894;0;73;1100;260;78;892;0;0;0;0;3;83;0;150;55;25;335;0;173;0;10;0;64;453;83;73;157;0;0;0;162;170;331;0;0;24;156;75;257;419;0;0;142;0;40;0;0;0;104;18;596;0;0;350;0;0;0;0;34;28;0;0;186;0;0;255;0;0;53;131;0;0;0;0;0;159;399;0;308;0;0;0;0;440;0;0;51;193;3;0;0;213;0;0;0;0;283;0;0;0;615;0;0;0;0;0;140;0;0;0;0;0;0;0;0;0;0;151;52;0;69;0;0;0;16;0;98;0;0;52;0;0;176;0;0;63;135;14;0;115;30;0;0;37;0;197;0;0;0;0;21;79;0;0;0;0;0;0;0;0;0;0;192;0;0;0;0;0;44;0;7;19;0;0;13;0;0;145;0;0;0;0;0;0;0;0;0;0;32;0;0;0;0;0;0;0;0;0;0;0;12;0;0;25;0;0;0;0;0;0;0;91;0;0;0;0;0;0;0;0;0;0;0;0;0;0;0;0;0;0;0;0;0;0;0;0;0;4;0;0;0;0;0;0;7;0;0;0;0;0;18;0;0;0;0;0;0;0;0;0;0;108;0;0;0;0;0;40;0;0;0;0;0;47;0;0;97;0;27;0;0;0;0;53;0;0;0;0;0;0;0;0;0;0;0;0;0;0;0;0;35;0;0;0;0;0;0;0;0;0;0;0;0;0;0;0;0;0;0;0;0;0;0;0;0;0;0;0;38;0;0;0;0;0;0;0;0;0;0;0;0;0;0;0;0;0;0;0;0;0;0;0;0;0;0;0;0;0;0;0;0;0;0;0;0;0;0;0;0;39;0;0;0;0;0;0;0;0;0;0;0;0;0;0;0;0;0;0;0;0;0;0;0;0;0;0;0;0;0;12;0;0;0;0;0;0;0;0;0;0;0;9;0;0;25;13;0;0;0;0;0;0;0;0;0;17;0;0;0;0;6;0;0;0;0;0;0;0;0;0;0;0;0;0;0;0;0;0;0;16;0;0;0;0;0;0;0;0;0;0;0;0;0;0;0;0;0;0;0;0;0;0;0;0;0;0;0;4;14;0;0;0;0;0;0;0;0;0;0;0;0;0;0;0;0;0;0;0;0;0;11;0;0;0;0;0;0;0;0;10;0;0;0;0;0;0;0;0;0;0;9;0;0;0;0;0;0;0;0;0;0;0;0;8;8;8;0;0;0;0;0;0;0;0;0;0;0;0;0;7;2;0;0;0;0;0;0;0;0;0;0;0;0;6;6;0;0;0;0;0;0;0;0;0;0;0;5;5;5;0;0;0;0;0;0;0;0;0;0;0;4;4;0;0;0;0;0;0;3;0;0;0;0;0;0;0;0;0;0;0;0;0;0;0;0;0;0;0;0;0;0;0;0
23;13.0;0.8;45.5;54.1;1.0;15.9;11.2;4.9;392;15.6;3009;large;23134;10563;532;12125;227;1166;1325;0;538;108;323;31;487;274;0;321;0;124;6;116;0;0;344;19;30;250;0;9;0;212;0;143;20;0;0;0;0;378;68;0;512;0;99;0;27;0;0;0;0;219;0;0;0;0;0;0;46;0;13;0;0;0;13;0;0;0;0;34;0;61;19;0;0;0;0;0;0;0;0;0;0;93;0;0;107;0;0;56;0;0;0;0;0;0;0;62;0;0;0;0;0;0;0;0;0;0;0;0;0;0;0;0;0;0;0;0;0;0;0;0;0;0;0;0;0;0;0;0;0;0;33;54;0;0;0;0;0;0;4;0;19;9;0;0;0;0;0;0;0;0;0;0;0;0;0;0;0;0;0;0;26;9;0;0;0;0;0;0;0;0;0;0;0;0;0;0;0;0;0;0;0;0;0;0;0;0;0;0;0;45;0;0;0;0;0;0;0;0;0;0;0;0;0;0;0;0;0;0;16;0;0;0;0;0;0;0;0;0;0;0;0;0;23;0;0;0;0;0;0;0;0;0;0;0;0;0;0;0;0;0;0;0;0;0;0;0;0;0;0;0;0;0;0;0;0;0;0;0;0;0;0;0;0;0;0;0;0;0;0;0;2;0;0;0;0;0;0;0;0;0;0;0;0;0;0;0;0;0;74;0;0;0;0;0;0;0;0;0;0;0;0;0;0;0;0;0;0;0;0;0;0;0;0;0;0;0;0;0;0;0;0;0;0;0;0;0;0;0;0;0;0;0;0;0;0;0;0;0;0;0;0;0;25;0;0;0;0;0;0;0;0;0;0;0;17;0;0;0;0;0;0;0;0;0;0;0;0;0;0;0;0;0;0;0;0;0;0;8;0;0;0;0;0;0;0;0;0;0;0;0;0;0;0;0;0;0;0;0;0;0;0;0;0;0;0;0;0;0;0;0;0;0;0;0;0;0;0;0;0;0;0;0;0;0;0;0;0;0;0;0;0;0;0;0;0;0;0;0;0;0;0;0;0;0;0;0;0;0;0;0;0;0;0;0;0;0;0;0;0;0;0;0;0;0;0;0;0;0;0;0;0;0;0;0;0;0;0;0;0;0;0;0;0;0;0;0;0;0;0;0;0;0;0;0;0;0;0;0;0;0;0;0;0;0;0;0;0;0;0;0;0;0;0;0;0;0;0;0;0;0;0;0;0;0;0;0;0;0;0;0;0;0;0;0;0;0;0;0;0;0;0;0;0;0;0;0;0;0;0;0;0;0;0;0;0;0;0;3;0;0;0;0;0;0;0;0;0;0;0;0;0;0;0;0;0;0;0;0;0;0;0;0;0;0;0;0;0;0;0;0;0;0;0;0;0;0;0;0;0;0;0;0;0;0;0;0;0;0;0;0;0;0;0;0;0;0;0;0;0;0;0;0;0;0;0;0;0;0;0;0;0;0;3;0;0;0;0;0;0;0;0;0;0;0;0;0;0;0;0
24;19.0;0.6;49.8;60.6;1.0;13.7;15.2;4.3;418;14.6;3431;large;23914;11795;704;1182;990;607;2357;0;780;100;41;0;0;382;400;600;121;0;0;0;0;0;404;0;0;290;10;0;0;10;0;268;0;0;0;223;0;12;0;0;24;0;29;0;0;0;0;0;0;0;10;0;0;0;0;0;0;0;0;0;0;0;0;0;0;107;0;0;0;43;0;0;0;0;0;0;0;0;58;0;0;81;0;0;75;0;0;34;78;0;0;0;0;0;0;0;0;0;0;0;0;0;0;0;0;0;28;0;0;0;0;0;0;0;0;0;0;0;0;0;0;0;0;0;0;0;0;0;0;0;0;0;0;0;0;0;0;0;0;0;0;0;0;0;0;0;0;0;0;0;0;0;30;0;0;0;0;0;0;0;0;0;0;0;0;0;0;0;89;0;0;0;0;0;0;0;0;0;0;0;0;0;0;0;0;0;0;0;0;0;0;0;0;0;0;0;0;0;0;0;0;0;0;0;0;0;0;0;0;0;0;0;0;0;0;0;0;0;0;0;0;0;0;0;0;0;0;0;0;0;0;0;0;0;0;0;0;0;0;0;0;0;0;0;0;0;0;0;0;0;0;0;0;0;0;0;0;0;0;0;0;0;0;0;0;0;0;0;3;0;0;0;0;0;0;0;0;0;0;0;0;0;0;0;0;0;0;0;0;0;0;0;0;0;0;0;0;0;0;0;0;0;0;0;0;0;0;0;0;0;0;0;0;0;0;0;0;0;0;0;0;0;0;0;0;0;0;0;20;0;0;0;0;0;0;0;0;0;0;0;0;0;0;0;0;0;0;0;0;0;0;0;0;0;0;0;0;0;0;0;0;0;0;0;0;0;0;0;0;0;0;0;0;0;0;0;0;0;0;0;0;0;0;0;0;0;0;0;0;0;0;0;0;0;0;0;0;0;0;0;0;0;0;0;0;0;0;0;0;0;0;0;0;0;0;0;0;0;0;0;0;0;0;0;0;0;0;0;0;0;0;0;0;0;0;0;0;0;0;0;0;0;0;0;0;0;0;0;0;0;0;0;0;0;0;0;0;0;0;0;0;0;0;0;0;0;0;0;0;0;0;0;0;0;0;0;0;0;0;0;0;0;0;0;0;0;0;0;0;0;0;0;0;0;0;0;0;0;0;0;0;0;0;0;0;0;0;0;0;0;0;0;0;0;0;0;0;0;0;0;0;0;0;0;0;0;0;0;0;0;0;0;0;0;0;0;0;0;0;0;0;0;0;0;0;0;0;0;0;0;0;0;0;0;0;0;0;0;0;0;0;0;0;0;0;0;0;0;0;0;0;0;0;0;0;0;0;0;0;0;0;0;0;0;0;0;0;0;0;0;0;0;0;0;0;0;0;0;0;0;0;0;0;0;0;0;0;0;0;0;0;0;0;0;0;0;0;0;0;0;0;0;0;0;0;0;0;0;0;0;0;0;0;0;0;0;0;0;0;0;0;0;0;0;0;0;0;0;0
25;7.7;1.2;69.9;83.5;0.7;7.0;6.8;2.4;446;15.7;1301;medium;7493;15739;4688;43;20;836;357;2069;32;2817;317;0;0;0;3851;0;282;230;0;0;0;1165;0;39;18;0;0;0;0;53;0;0;0;0;0;0;0;59;28;0;111;0;13;0;19;0;0;0;135;0;0;0;0;115;0;0;0;0;0;0;559;0;0;21;18;0;0;0;0;0;51;0;0;262;0;0;0;0;0;0;0;0;0;0;0;0;0;0;0;0;0;0;0;0;0;61;0;75;0;84;52;0;0;93;0;0;0;0;0;0;0;0;0;37;0;0;0;0;18;0;0;0;0;0;0;0;0;172;0;0;0;0;0;0;0;0;0;0;53;0;0;0;0;0;0;0;0;10;0;0;0;48;0;0;0;0;0;0;0;0;0;0;0;0;0;0;0;0;0;0;0;0;212;0;0;0;0;0;0;0;0;0;0;0;0;0;0;0;0;0;0;0;0;0;0;0;0;0;0;0;0;0;0;0;0;0;0;0;6;0;0;0;0;0;0;0;0;61;0;0;0;0;0;0;0;0;0;11;0;0;0;0;0;0;0;0;0;0;0;0;0;0;0;0;0;0;0;0;0;0;0;0;0;0;40;12;0;0;0;0;0;0;0;0;0;0;0;0;0;0;0;0;0;0;0;0;0;0;0;0;20;0;0;0;0;0;0;0;0;0;0;0;0;0;0;0;0;0;0;0;0;0;0;0;0;0;2;0;0;0;0;0;0;0;0;0;0;0;0;0;0;0;0;0;0;0;0;0;0;0;0;0;0;0;0;0;0;0;0;0;0;0;0;0;0;0;0;0;30;0;0;0;0;0;0;0;0;0;0;0;0;48;0;0;0;0;0;32;0;0;0;0;0;0;0;0;0;0;0;0;0;0;0;0;0;0;0;0;0;0;0;0;0;0;0;0;0;0;0;0;0;0;0;20;0;0;0;0;0;0;0;0;0;0;0;0;0;0;0;0;0;0;0;0;0;0;0;0;0;0;0;0;0;0;0;0;0;0;0;0;0;0;0;0;0;0;0;0;0;0;0;0;0;0;0;0;0;0;0;0;0;0;0;0;20;0;0;0;0;0;0;0;0;0;0;0;0;0;0;18;0;0;0;0;0;0;0;0;0;0;0;0;0;0;0;0;0;0;0;0;0;0;0;0;0;0;0;0;0;0;0;0;0;0;0;0;0;0;0;0;0;0;0;0;0;0;0;0;0;0;0;0;11;11;0;0;0;0;0;0;0;0;0;0;0;0;0;0;0;0;0;0;0;0;0;0;0;0;0;0;0;0;0;0;0;0;0;0;0;0;0;8;0;0;0;0;0;0;0;0;0;0;0;0;0;0;0;0;0;0;0;0;0;0;0;0;0;0;0;6;0;0;0;0;0;0;0;0;0;0;0;0;5;0;0;0;0;0;0;0;4;0;0;0;0;0;0;0;0;0;0;0;0;3;0;0;0;0;0;0;0;0;0;0;0;0;0;0;0
26;391.9;1.2;91.0;91.1;12.2;27.4;231.3;7.2;471;22.7;333;small;326;188;0;3333;7;2285;1373;0;0;0;7690;0;4157;0;0;467;0;0;0;0;0;0;0;0;362;279;0;2073;3355;3;3159;214;0;0;0;0;2184;527;0;3461;26;2663;80;0;0;0;0;0;0;0;37;0;1374;0;0;0;941;1163;224;0;0;779;250;0;0;149;1141;0;0;0;96;0;0;0;0;0;992;1258;0;331;0;0;0;0;0;438;1166;0;37;0;0;577;0;1087;0;0;0;0;0;0;0;177;0;0;0;0;0;611;0;0;0;0;0;0;574;0;326;228;0;0;683;0;0;0;0;0;0;0;601;0;0;0;171;70;377;0;0;40;0;0;0;0;0;47;404;0;332;0;0;452;0;0;94;0;0;0;0;217;46;293;0;57;0;19;0;72;0;170;0;0;0;0;0;0;0;0;0;32;0;0;0;320;0;0;0;307;110;0;0;0;94;0;0;25;30;0;125;228;0;0;0;0;0;111;0;0;253;0;0;0;0;0;0;241;184;240;0;0;0;0;0;0;0;0;212;186;16;0;0;29;0;0;0;0;171;0;0;95;0;0;0;0;0;0;0;14;0;0;0;0;0;0;0;0;0;0;0;0;0;116;149;0;131;49;0;0;0;0;0;0;0;0;0;0;0;0;55;0;0;122;0;0;0;0;0;0;0;0;0;0;0;0;0;0;0;0;0;0;0;0;0;0;0;0;0;0;0;0;94;0;78;0;0;0;0;0;0;0;0;0;0;0;12;0;0;0;0;0;0;0;0;0;0;0;0;0;0;0;0;0;0;0;0;16;70;55;0;68;0;47;0;52;0;0;0;0;0;0;0;0;0;0;0;0;0;0;55;0;0;0;50;43;0;0;47;0;0;0;46;32;0;0;0;0;0;0;0;0;0;42;0;39;41;0;40;0;0;39;0;37;0;0;0;0;0;0;0;0;11;0;0;0;0;0;0;32;0;31;0;0;0;0;29;0;0;0;0;19;28;0;0;0;0;0;0;0;0;0;0;0;0;0;0;0;0;0;0;13;0;0;0;0;0;0;22;0;0;0;0;0;0;0;0;0;0;20;20;0;0;0;0;0;0;0;0;0;8;0;0;0;0;0;0;0;0;0;0;0;0;0;0;0;4;0;0;0;0;0;12;15;0;0;0;0;0;0;0;0;0;14;14;0;0;0;0;0;0;0;0;0;0;0;0;12;12;0;0;0;0;0;0;4;0;0;0;0;0;0;0;0;0;10;0;0;0;0;0;0;0;0;0;0;9;0;0;0;0;0;0;0;0;0;0;0;0;0;0;0;0;0;0;0;8;0;0;0;0;0;0;0;0;0;7;7;0;0;0;0;0;0;0;0;0;0;0;0;0;0;0;0;0;0;0;0;0;0;0;0;0;0;0;0;0;5;5;0;0;0;0;0;0;0;0;0;0;0;0;0;0;0;0;0;0;0;0;0;0;0;0;0;0;0;0;0;0;0;0;0;0
27;5.9;0.6;44.4;50.9;0.8;14.3;5.9;4.6;351;14.3;2360;medium;59057;20460;1125;2736;579;326;1858;0;1557;136;64;0;92;0;0;519;216;16;0;135;140;0;1092;23;0;295;8;0;0;106;0;287;38;0;0;648;0;65;0;0;50;0;20;0;0;496;0;9;0;0;0;0;0;0;118;0;0;0;0;388;0;0;0;0;0;136;0;27;0;174;0;0;0;0;0;34;0;0;0;0;175;61;0;0;0;0;0;45;0;243;0;0;4;0;0;13;0;43;0;0;0;0;0;0;0;0;71;0;0;0;0;233;0;0;0;0;0;0;0;0;0;0;0;0;0;0;0;63;0;0;58;0;0;0;0;36;118;0;0;0;66;0;151;0;0;0;0;0;0;0;0;0;0;0;75;0;0;0;0;0;62;0;0;0;0;0;0;0;40;0;55;0;0;0;0;0;0;0;0;59;0;0;0;0;51;0;0;0;0;0;0;0;0;0;0;0;0;0;103;0;0;0;0;0;0;0;0;0;0;0;0;0;0;0;0;0;0;0;0;0;0;0;0;0;0;0;0;0;0;0;0;0;0;0;0;0;35;0;0;0;49;0;0;0;0;0;0;0;0;0;0;0;25;0;44;0;0;0;0;0;0;0;0;0;0;0;0;0;0;45;0;139;0;0;0;0;0;0;0;0;0;0;0;0;0;0;0;0;0;0;0;0;0;0;0;0;0;0;0;0;0;0;0;0;0;0;0;0;0;0;0;0;0;0;0;0;88;0;0;0;0;0;0;0;0;0;0;0;0;0;0;0;23;0;0;0;0;0;0;0;0;0;0;0;0;0;69;0;0;0;0;0;0;0;0;0;0;0;0;0;0;0;0;0;0;0;0;0;0;0;0;0;0;0;0;0;0;0;0;0;0;0;0;0;0;0;0;0;0;0;0;0;0;0;0;0;0;0;0;0;0;0;0;0;35;0;0;0;0;0;0;0;0;0;0;0;0;0;0;0;0;0;0;0;0;0;0;0;0;0;0;0;0;0;0;0;0;0;0;0;0;0;0;0;0;0;0;0;0;0;0;0;0;0;0;0;0;0;0;0;0;0;0;0;0;0;0;0;10;0;0;0;0;0;0;0;0;0;0;0;0;0;0;0;0;0;0;0;0;0;0;0;0;0;0;0;0;0;0;0;0;0;0;0;0;0;0;0;0;0;0;0;0;0;0;0;0;0;0;0;0;0;0;0;0;0;0;0;0;3;0;0;0;0;0;0;0;0;0;0;0;0;0;0;0;0;0;0;0;0;0;0;0;0;0;0;0;0;0;0;0;0;0;0;0;0;0;0;0;0;0;0;0;0;0;0;0;0;0;0;0;0;0;0;0;0;0;0;0;0;0;0;0;0;0;0;0;0;0;0;0;0;0;0;0;0;0;0;0;0;0;0;0;0;0;0;0;0;0;0;0;0;0;0;0;0;0;0;0;0;0;0;0;0;0;0;0;0;0;0;0;0;0;0;0;0;0;0;0
28;13.0;0.5;46.5;53.2;1.0;15.2;11.0;4.7;385;12.4;2719;medium;15672;7140;613;14197;842;1128;1224;26;770;300;579;49;660;0;0;240;81;140;16;100;0;0;219;49;15;158;0;0;0;513;0;123;180;0;0;0;0;265;104;0;119;0;259;0;44;0;141;6;0;159;0;0;0;14;237;0;0;0;43;0;0;6;11;14;133;0;0;97;0;51;51;0;0;0;34;59;0;0;0;0;109;287;0;0;235;0;0;0;0;0;0;0;62;0;0;36;0;49;0;0;0;126;0;0;0;0;32;0;54;0;0;0;0;0;0;0;0;0;39;8;0;0;26;0;0;35;0;0;0;0;0;75;0;0;0;27;0;10;0;0;0;20;0;0;0;0;0;22;0;0;0;0;0;0;0;0;0;0;0;0;0;33;0;0;0;0;0;0;0;0;0;0;0;0;0;0;20;0;0;0;0;0;0;0;0;0;27;0;0;50;0;26;0;0;19;0;0;0;0;0;0;0;0;0;0;0;0;0;0;0;0;0;0;0;0;0;101;0;0;19;0;0;32;0;0;0;0;0;0;0;0;0;0;0;0;0;0;0;0;0;0;0;0;6;0;0;0;0;0;46;0;0;0;59;0;0;0;0;0;0;0;0;0;0;0;0;0;0;0;0;0;0;0;0;0;0;0;0;0;0;0;0;0;0;0;11;0;0;34;0;0;0;0;0;47;0;0;0;0;0;0;0;0;0;0;0;0;30;0;0;0;0;0;0;0;0;0;0;0;0;0;0;0;0;0;0;0;0;0;0;0;0;0;0;0;0;0;0;0;0;0;0;22;0;0;0;0;0;0;0;0;0;0;0;0;0;0;0;0;0;0;0;0;0;0;0;0;0;0;0;0;0;0;0;0;0;0;0;0;0;0;0;0;24;44;0;0;0;0;0;6;0;0;0;0;0;0;0;0;0;0;0;0;0;0;0;0;0;0;0;0;33;0;0;0;0;0;0;0;0;0;0;0;0;0;0;0;0;0;0;0;0;0;0;0;0;0;0;0;0;0;0;0;0;0;0;0;0;0;0;0;0;0;0;0;0;0;0;0;0;21;0;0;0;0;0;0;0;0;0;0;0;0;0;0;0;0;0;0;0;0;0;0;0;0;0;0;0;17;0;0;0;0;0;0;0;0;0;0;0;0;0;0;0;0;0;0;0;0;0;0;0;0;0;0;0;0;0;0;0;0;0;0;0;0;0;0;0;0;0;0;0;0;0;0;0;0;0;0;0;0;0;10;0;0;0;0;0;0;0;0;0;0;9;0;0;0;0;0;0;0;0;0;0;0;0;0;0;0;0;0;0;0;0;0;0;0;0;0;0;0;0;0;0;0;0;0;0;0;0;0;0;0;0;0;0;0;0;0;0;6;0;0;0;0;0;0;0;0;0;0;0;0;0;0;0;0;0;0;0;0;0;0;0;0;0;0;0;0;0;0;0;0;0;3;0;0;0;0;0;0;0;0;0;0;0;0;0;0
29;16.1;1.4;52.3;64.7;1.2;12.0;12.9;4.1;423;15.1;4763;large;35555;15422;1990;2733;119;870;1377;501;212;541;434;22;0;0;318;326;144;413;3;81;0;473;446;21;0;305;0;0;0;145;0;160;0;0;0;268;0;270;19;0;46;0;13;0;0;0;0;0;0;0;41;0;0;0;162;0;0;0;0;0;0;0;0;101;109;0;0;0;0;84;74;0;0;0;0;0;0;0;0;0;61;50;0;0;62;0;0;134;59;0;0;0;0;0;0;29;0;84;0;24;60;0;0;0;0;0;36;0;0;0;0;0;0;0;0;0;0;0;0;0;0;0;0;0;0;0;0;0;0;0;31;0;0;0;0;0;0;0;8;0;0;0;107;0;0;16;0;0;0;0;22;47;0;0;28;0;0;0;21;0;28;0;0;0;0;0;27;0;56;0;27;17;0;0;0;4;18;0;0;0;0;0;0;56;0;0;0;0;0;0;0;0;0;0;0;31;0;0;0;0;0;0;0;0;0;0;0;0;0;0;0;0;0;0;0;0;0;0;0;0;0;0;0;0;0;0;0;0;0;0;0;0;0;0;0;0;0;0;0;0;0;0;0;0;0;9;0;0;0;0;0;0;0;0;0;0;16;0;0;0;0;0;0;0;0;0;0;0;0;0;0;0;135;0;0;0;0;0;0;0;0;0;13;0;0;0;0;0;0;0;0;0;0;0;35;0;0;0;0;0;0;0;0;0;0;0;0;0;0;0;0;0;0;0;0;0;0;0;0;0;0;0;0;0;0;0;0;0;0;0;0;0;0;0;0;0;0;0;0;0;0;0;0;0;0;0;0;0;0;0;0;0;0;0;0;32;0;0;0;0;0;0;0;0;0;0;0;22;0;0;0;0;0;0;0;0;0;0;0;0;0;0;0;0;0;0;0;0;0;0;0;0;0;0;0;0;0;0;0;0;0;0;0;0;0;0;0;0;0;0;0;0;0;0;0;0;0;0;0;0;0;0;0;0;0;0;0;0;0;0;0;0;0;0;0;0;0;0;0;0;0;0;25;0;0;0;0;0;0;0;0;0;0;0;0;0;0;0;0;0;0;0;0;0;0;0;0;0;0;0;0;0;0;0;0;0;0;0;0;0;0;0;0;0;0;0;0;0;0;0;0;0;0;0;0;0;0;0;0;0;0;0;0;0;0;0;0;0;0;0;0;0;0;0;0;0;0;0;0;0;0;0;0;0;0;0;0;0;0;0;0;0;0;0;0;0;0;0;0;0;0;0;0;0;0;0;0;0;0;0;0;0;0;0;0;0;0;0;0;0;0;0;0;0;0;0;0;0;0;0;0;0;0;0;0;0;0;0;0;0;0;0;0;0;0;0;0;0;0;0;0;0;0;0;0;0;0;0;0;0;0;0;0;0;0;0;0;0;0;0;0;0;0;0;0;0;0;0;0;0;0;0;0;0;0;0;0;0;0;0;0;0;0;0;0;0;0;0;0;0;0;0;0;0;0;0;0;0;0
30;10.9;0.2;19.7;43.6;1.2;12.7;11.2;4.4;334;15.1;903;medium;1902;807;0;938;0;0;1746;0;0;0;48;0;454;0;0;496;0;27;0;0;0;0;0;0;143;217;0;121;7;0;0;183;0;0;0;0;77;18;0;0;26;120;31;0;30;0;0;0;0;0;0;0;0;0;0;0;0;3;657;0;0;41;11;249;127;112;0;0;0;0;51;119;0;0;15;0;0;0;0;113;110;0;0;0;0;141;0;0;26;0;0;0;0;0;0;0;0;0;0;0;0;0;0;0;0;73;0;21;0;0;0;0;0;55;0;0;30;0;0;0;0;0;21;0;0;0;0;0;0;0;0;0;0;0;0;22;0;393;0;0;0;0;0;0;0;0;0;0;0;0;0;0;0;0;0;93;0;0;0;0;0;0;0;0;0;0;0;0;0;0;0;0;0;0;213;0;0;0;0;0;0;0;0;0;0;0;0;0;0;0;11;0;0;0;0;0;0;0;0;0;0;0;0;0;0;0;0;18;0;0;0;0;0;0;18;0;0;0;0;0;0;0;0;48;0;0;0;0;0;0;0;0;0;0;0;0;0;0;0;0;0;0;0;0;0;0;0;0;163;0;0;0;0;0;0;0;0;0;0;0;0;0;0;0;0;0;0;0;0;0;0;0;0;0;0;0;0;0;0;0;0;0;0;0;0;0;0;0;0;0;0;0;0;0;0;0;0;0;0;0;0;0;0;0;0;0;0;0;0;0;0;0;0;0;0;0;0;0;0;0;0;0;19;0;0;0;46;0;0;0;0;0;0;0;0;0;0;0;0;0;0;41;0;0;0;0;0;0;0;0;0;10;0;0;0;0;0;0;0;0;0;0;0;0;0;0;0;0;0;0;0;0;0;0;0;0;0;0;0;0;0;0;44;0;0;0;0;0;0;0;0;0;0;0;0;0;0;0;0;0;0;0;0;0;0;0;0;0;0;0;0;0;0;0;0;0;0;0;0;0;0;0;0;0;0;0;0;0;0;0;0;0;0;0;0;0;0;0;0;0;0;0;0;0;0;0;0;0;0;0;0;0;0;0;0;0;0;0;0;0;0;0;0;0;0;0;0;0;0;0;0;0;0;0;0;0;0;0;0;0;0;0;0;0;0;0;0;0;0;7;0;0;0;0;0;0;15;0;0;0;0;0;0;0;0;0;0;0;0;0;0;0;0;13;0;0;0;0;0;12;0;0;0;0;0;0;0;11;11;0;0;0;0;0;0;0;0;0;0;0;0;0;0;0;0;0;0;0;0;0;0;0;0;0;0;0;0;0;0;0;0;0;0;0;0;0;0;0;0;0;0;0;0;0;0;0;0;7;0;0;0;0;0;0;0;0;0;0;0;0;0;6;6;6;0;0;0;0;0;0;0;0;0;0;0;0;5;0;0;0;0;0;0;0;0;0;0;0;0;0;0;0;0;0;0;3;0;0;0;0;0;0;0;0;0;0;0;0;0;0;2;0;0;0;0;0;0;0;0
31;3.9;0.5;60.1;55.5;0.5;15.2;3.6;4.8;365;12.5;1107;medium;19559;5778;9747;156;1330;78;630;105;1853;858;301;267;0;622;0;179;1205;419;223;644;1315;0;481;396;59;154;106;0;0;51;0;0;366;195;113;251;0;26;458;0;128;0;51;0;0;283;223;262;50;0;111;102;0;0;0;0;0;0;0;241;0;0;19;0;0;0;0;52;0;120;0;0;218;0;32;21;0;0;0;0;0;41;0;0;24;0;0;0;0;140;0;0;319;0;22;28;45;43;118;0;0;0;0;0;0;14;67;0;0;0;0;0;78;38;0;0;0;0;0;0;0;0;0;17;0;194;0;0;0;0;28;0;0;0;0;0;0;0;30;0;26;0;0;0;0;0;0;18;0;0;13;0;0;51;0;0;0;0;0;0;24;0;0;0;0;0;52;0;0;0;0;21;0;0;0;12;8;0;0;0;52;0;0;0;0;0;0;0;0;0;0;10;0;0;0;0;0;0;0;0;0;35;0;0;0;0;0;0;0;0;0;0;0;0;0;0;0;0;0;0;0;0;0;0;0;0;0;0;0;0;0;0;0;0;0;0;0;0;0;0;0;0;0;0;0;0;0;0;0;0;0;0;0;0;0;0;0;0;0;0;0;0;0;0;0;0;0;0;110;0;0;0;0;0;0;0;0;0;0;0;0;0;0;0;0;16;0;0;0;0;0;0;0;0;0;0;0;0;0;0;0;0;0;0;0;0;0;0;0;0;0;0;0;0;0;0;0;0;0;0;0;0;0;0;0;0;0;0;0;0;0;0;0;0;0;0;0;0;0;0;0;0;24;0;0;0;0;0;0;0;0;0;0;0;0;0;0;0;0;0;0;0;0;0;0;0;0;0;0;0;0;0;0;0;0;0;0;0;0;0;0;0;0;0;0;0;0;0;0;0;0;0;0;0;0;0;0;0;0;0;0;0;0;0;0;0;0;0;0;0;0;0;0;0;0;0;0;0;0;0;0;0;0;0;0;0;0;0;0;0;0;0;0;0;0;0;0;0;0;0;0;0;0;0;0;0;0;0;0;0;0;0;0;0;0;0;0;0;0;0;0;0;0;0;0;0;0;0;0;0;0;0;0;0;0;0;0;0;0;0;0;0;0;0;0;0;0;0;0;0;0;0;0;0;0;0;0;0;0;0;0;0;0;0;0;0;0;0;0;0;0;0;0;0;0;0;0;0;0;0;0;0;0;0;0;0;0;0;0;0;0;0;0;0;0;0;0;0;0;0;0;0;0;0;0;0;0;0;0;0;0;0;0;0;0;0;0;0;0;0;0;0;8;0;0;0;0;0;0;0;0;0;0;0;0;0;0;0;0;0;0;0;0;0;0;0;0;0;0;0;0;0;0;0;0;0;0;0;0;0;0;0;0;0;0;0;0;0;0;0;0;0;0;0;0;0;0;0;0;0;0;0;0;0;0;0;0;0;0;0;0;0;0;0;0;0;0;0;0;0;0;0;0;0;0;0;0;0;0
32;5.6;0.4;46.2;46.5;0.6;13.0;5.2;4.2;351;12.2;2099;medium;51749;16529;3056;743;2997;157;1537;0;5376;144;100;24;0;394;0;422;309;37;17;318;470;0;930;31;0;206;53;0;0;32;0;231;28;0;0;542;0;142;0;0;40;0;40;0;16;490;28;28;0;0;0;0;0;0;90;0;0;0;11;353;0;0;0;0;0;86;0;19;0;171;0;0;0;0;0;0;0;0;138;0;118;0;0;226;38;0;0;0;37;188;0;0;7;0;0;0;0;0;0;0;0;0;0;0;0;0;105;0;0;0;0;217;0;0;0;0;0;0;38;0;0;0;0;0;0;0;0;0;0;0;49;0;0;0;0;62;102;0;0;0;50;0;110;0;0;0;0;0;0;0;0;0;0;0;71;0;0;0;0;0;43;0;0;0;0;0;0;0;53;0;62;0;0;0;0;0;0;0;0;41;0;0;0;0;51;0;0;0;0;0;0;6;0;0;0;0;0;0;0;0;0;0;0;0;0;0;0;0;0;0;0;0;0;0;0;0;0;0;0;0;0;0;0;0;0;0;0;0;0;0;0;0;0;0;0;0;44;0;0;0;48;0;0;0;0;0;0;0;0;0;0;0;0;0;0;0;0;0;0;0;0;0;0;0;0;0;0;0;0;51;0;0;0;0;0;0;0;0;0;0;0;0;0;0;0;0;0;0;0;0;0;0;0;0;0;0;0;0;0;0;0;0;0;97;0;23;0;31;0;0;0;0;0;0;0;0;0;0;0;0;0;0;0;0;0;0;0;0;0;0;0;0;0;0;0;0;0;0;0;0;0;0;0;0;0;0;0;0;0;0;0;0;0;0;0;29;0;0;0;0;0;0;0;0;0;0;0;0;0;0;0;0;0;0;0;19;0;0;0;0;0;0;0;0;0;0;0;0;0;0;0;0;0;0;0;0;0;0;0;0;0;0;0;0;0;0;0;0;0;0;0;0;0;0;0;0;0;0;0;0;0;0;0;0;0;0;0;0;0;0;0;0;0;0;0;0;0;0;0;0;0;0;0;0;0;0;0;0;0;0;0;0;0;0;0;0;0;0;0;0;0;0;0;0;0;0;0;0;9;0;0;0;0;0;0;0;0;0;0;0;0;0;0;0;0;0;0;0;0;0;0;0;0;0;0;0;0;0;0;0;0;0;0;0;0;0;0;0;0;0;0;0;0;0;0;0;0;0;0;0;0;0;0;0;0;0;0;0;0;2;0;0;0;0;0;0;10;0;0;0;0;0;0;0;0;0;0;0;0;0;0;0;0;0;0;0;0;0;0;0;0;0;0;0;0;0;0;0;0;0;0;0;0;0;0;0;0;0;0;0;0;0;0;0;0;0;0;0;0;0;0;0;0;0;0;0;0;0;0;0;0;0;0;0;0;0;0;0;0;0;0;0;0;0;0;0;0;0;0;0;0;0;0;0;0;0;0;0;0;0;0;0;0;0;0;0;0;0;0;0;0;0;0;0;0;0;0;0;0
38;1.7;0.1;17.9;47.9;1.0;9.7;6.1;3.4;304;13.6;635;medium;846;375;142;37;227;8;0;0;82;0;0;38;0;0;0;30;0;0;0;78;0;0;0;0;0;0;16;0;0;0;0;0;0;12;0;0;0;0;0;0;0;0;0;0;0;0;0;0;0;0;0;0;0;0;0;0;0;0;0;0;0;0;0;0;0;0;0;0;0;0;0;0;0;0;0;0;9;0;0;0;0;0;0;0;0;0;0;0;0;0;0;0;0;0;0;0;0;0;0;0;0;0;0;0;0;0;0;0;0;0;0;0;0;0;0;0;0;0;0;0;0;0;0;0;0;0;0;0;0;0;0;0;0;0;0;0;0;0;0;0;0;0;0;0;0;0;0;0;0;0;0;0;0;0;0;0;0;0;0;0;0;0;0;0;0;0;0;0;0;0;0;0;0;0;0;0;0;0;0;0;0;0;0;0;0;0;0;0;0;0;0;0;0;0;0;0;0;0;0;0;0;0;0;0;0;0;0;0;0;0;0;0;0;0;0;0;0;0;0;0;0;0;0;0;0;0;0;0;0;0;0;0;0;0;0;0;0;0;0;0;0;0;0;0;0;0;0;0;0;0;0;0;0;0;0;0;0;0;0;0;0;0;0;0;0;0;0;0;0;0;0;0;0;0;0;0;0;0;0;0;0;0;0;0;0;0;0;0;0;0;0;0;0;0;0;0;0;12;0;0;0;0;0;0;0;0;0;0;0;0;0;0;0;16;0;0;0;0;0;0;0;0;0;0;0;0;0;0;0;0;0;0;0;0;0;0;0;0;0;0;0;0;0;0;0;0;0;0;0;0;0;0;0;0;0;0;0;0;0;0;0;0;0;0;0;0;0;0;0;0;0;0;0;0;0;0;0;0;0;0;0;0;0;0;0;0;0;0;0;0;0;0;0;0;0;0;0;0;0;0;0;0;0;0;0;0;0;0;0;0;0;0;0;0;0;0;0;0;0;0;0;0;0;0;0;0;0;0;0;0;0;0;0;0;0;0;0;0;0;0;0;0;0;0;0;0;0;0;0;0;0;0;0;0;0;0;0;21;0;0;0;0;0;0;0;0;0;0;0;0;0;0;0;0;0;0;0;0;0;0;0;0;0;0;0;0;0;0;0;0;0;0;0;0;0;0;0;0;0;0;0;0;0;0;0;0;0;0;0;0;0;0;0;0;0;0;0;0;0;0;0;0;0;0;0;0;0;0;0;0;0;0;0;0;0;0;0;0;0;0;0;0;0;0;0;0;0;0;0;0;0;0;0;0;0;0;0;0;0;0;0;0;0;0;0;0;0;0;0;0;0;0;0;0;0;0;0;0;0;0;0;0;0;0;0;0;0;0;0;0;0;0;0;0;0;0;0;0;0;0;0;0;0;0;0;0;0;0;0;0;0;0;0;0;0;0;0;0;0;0;0;0;0;0;0;0;0;0;0;0;0;0;0;0;0;0;0;0;0;0;0;0;0;0;0;0;0;0;0
39;1.7;0.2;7.4;19.6;0.6;15.4;2.4;5.9;205;10.7;101;small;27208;8028;24680;1084;643;159;264;35;1409;149;181;585;0;1729;0;0;628;147;110;386;3522;0;695;547;14;56;986;0;0;111;0;0;4590;35;39;421;0;20;191;0;147;0;94;0;11;346;89;1343;0;0;0;60;0;0;0;0;0;0;0;305;0;0;40;39;0;0;0;1075;0;98;0;0;153;0;55;522;0;0;103;0;0;0;0;0;0;0;0;85;0;211;0;0;145;0;0;0;0;41;0;0;0;0;0;0;0;12;63;0;469;0;0;0;0;0;0;0;0;0;0;0;0;0;0;0;0;81;0;0;0;0;32;0;0;0;0;0;0;0;0;0;30;28;0;0;0;43;0;15;0;0;0;0;0;0;20;0;0;0;0;0;0;0;0;0;0;0;0;0;0;0;34;0;0;0;0;0;0;0;0;32;0;0;0;0;44;0;0;0;0;0;0;11;0;0;0;0;0;0;0;0;0;0;0;0;0;0;0;0;0;0;0;0;0;0;0;0;0;0;0;0;0;0;0;0;0;0;0;0;0;0;0;0;0;0;0;0;30;0;0;42;0;0;0;0;0;0;0;0;0;0;0;0;113;0;0;0;0;0;0;0;0;0;0;0;0;0;0;0;0;0;0;0;0;0;0;0;0;0;0;0;0;0;0;0;0;51;0;0;0;0;0;0;0;0;0;0;0;0;0;0;0;0;0;0;0;0;7;0;0;0;0;0;0;55;0;0;0;0;0;0;0;0;0;0;0;0;0;0;0;0;0;0;0;0;0;0;0;0;33;0;0;0;0;0;0;0;0;0;0;0;0;0;0;0;0;0;0;0;0;0;7;0;0;0;0;0;0;0;0;0;0;0;0;0;0;0;0;0;0;0;0;0;0;0;0;0;0;0;0;0;0;0;0;0;0;0;0;0;0;0;0;0;0;0;0;0;0;0;0;0;0;0;0;0;0;0;0;0;0;0;0;0;0;0;0;0;0;0;0;0;0;0;27;4;0;0;0;0;0;0;0;0;0;0;0;0;0;0;0;0;0;0;0;0;0;0;0;0;0;0;0;0;0;0;0;0;0;0;0;0;0;0;0;0;0;0;0;0;0;0;0;0;17;0;0;0;0;0;0;0;0;0;0;0;0;0;0;0;0;0;0;0;0;0;0;14;0;0;0;0;0;0;0;0;0;0;0;0;0;0;0;0;0;0;0;0;0;0;0;0;0;0;0;0;0;0;0;0;0;0;0;0;0;0;0;0;0;0;0;0;0;0;0;0;0;0;0;0;0;0;0;0;0;0;0;0;0;0;0;0;0;0;0;0;0;0;0;0;0;0;0;0;0;0;0;0;0;0;0;0;0;0;0;0;0;0;0;0;0;0;0;0;0;0;0;0;0;0;0;0;0;0;0;0;0;0;0;0;4;0;0;0;0;0;0;0;0;0;0;0;0;0;0;0;0;0;0;0;0;0;0;0;0;0;0;0;0;0;0
40;6.0;0.5;25.6;45.7;0.4;4.8;4.4;1.9;280;9.2;345;small;7224;2036;7436;0;792;0;31;0;163;228;82;4962;0;10866;0;0;1080;545;0;690;989;0;172;95;0;0;1486;0;0;0;0;0;0;2886;0;0;0;0;0;0;120;0;40;0;0;0;0;274;0;0;0;77;0;56;0;0;0;0;0;0;0;0;0;6;0;0;0;0;0;30;0;0;568;0;0;24;0;0;144;0;0;0;0;0;0;0;0;52;0;0;0;0;0;0;0;0;93;0;0;0;0;0;0;0;0;159;0;0;0;0;120;0;0;0;0;0;0;0;0;0;0;0;0;0;0;0;0;0;0;0;0;0;0;0;0;0;0;0;0;0;0;0;0;0;0;0;0;16;0;0;0;0;0;0;0;0;49;0;0;0;0;0;0;0;0;0;0;0;0;0;0;0;0;161;0;22;0;0;0;0;0;0;0;0;0;0;0;0;0;0;0;13;0;0;0;0;0;0;0;0;50;31;0;0;0;0;0;0;0;0;0;0;0;0;0;0;0;0;0;0;0;217;0;20;0;0;0;0;0;0;0;0;0;0;0;0;0;0;0;0;0;0;0;0;0;0;0;0;0;0;0;0;0;0;0;0;0;0;0;0;0;149;0;0;0;0;0;0;0;0;0;0;0;0;0;0;0;0;0;0;0;0;0;0;0;0;0;0;0;0;0;0;0;0;0;0;0;0;0;0;0;0;0;0;0;0;0;0;0;0;0;0;0;0;0;0;0;0;0;0;0;0;0;0;0;0;0;0;0;79;0;0;0;0;36;0;0;0;0;0;0;0;0;0;0;0;0;0;0;0;0;0;0;0;0;0;0;0;0;0;50;0;0;0;0;0;0;0;0;0;0;0;0;0;0;0;0;0;0;0;0;0;0;0;0;0;0;0;0;0;0;0;0;0;0;0;0;0;0;0;0;0;0;0;0;0;0;0;0;0;0;0;0;0;0;0;0;0;31;0;0;0;0;0;0;0;0;0;0;0;8;0;0;0;0;0;0;17;0;0;0;0;0;0;0;0;0;0;0;0;0;0;0;0;0;22;0;0;0;0;0;21;21;0;0;0;0;0;0;0;0;0;0;0;0;0;0;0;0;0;0;0;0;0;0;0;0;0;0;0;0;0;0;0;0;0;0;0;0;0;0;15;0;0;0;0;0;0;0;0;0;0;0;0;0;0;0;0;0;0;0;0;0;0;0;0;0;0;0;0;0;0;0;0;0;0;0;0;0;0;0;0;0;10;0;0;0;0;0;0;0;0;0;0;0;0;0;0;0;0;0;0;0;0;0;0;0;0;0;0;0;0;0;0;0;0;0;0;0;0;0;0;0;0;0;0;0;0;0;0;0;0;0;0;0;0;0;0;0;0;0;0;0;0;0;0;0;0;0;0;0;0;0;0;0;0;0;0;0;0;0;0;0;0;0;0;0;0;0;0;0;0;0;0;0;0;0;0;0;0;0;0;0;0;0;0;0;0;0
41;1.9;0.1;3.0;43.6;0.5;6.3;2.1;2.6;244;10.3;113;small;7358;1980;14605;0;1894;14;74;0;449;0;181;10970;0;1569;0;0;1448;103;0;1796;1999;0;189;495;0;0;3801;0;0;0;0;0;0;542;0;125;0;0;0;0;76;0;0;0;0;0;0;1017;0;0;22;121;0;0;0;0;0;0;0;0;0;0;0;11;0;0;0;0;0;29;0;0;425;0;0;95;0;0;209;0;0;0;0;0;0;0;0;0;0;0;0;0;0;0;0;0;53;0;0;0;0;0;0;0;0;93;0;0;87;0;255;0;0;0;0;0;0;0;0;0;0;0;0;0;0;0;0;0;0;0;9;0;59;0;0;0;0;0;0;0;0;0;0;0;0;0;0;111;0;0;0;0;0;0;0;0;33;0;0;0;0;0;0;0;0;0;0;0;0;0;0;0;0;139;0;90;0;0;0;0;0;0;0;0;0;0;0;0;0;0;0;60;0;0;0;0;0;0;0;0;63;0;0;0;0;0;0;0;0;0;0;0;0;0;0;0;0;0;0;0;0;0;0;0;0;0;0;0;0;0;0;193;0;0;0;0;0;0;100;0;0;0;0;0;0;0;0;0;0;0;0;0;0;0;0;0;0;0;0;0;0;0;0;0;0;0;0;0;0;0;0;0;0;0;0;0;0;0;0;0;0;0;0;0;0;0;0;0;0;0;0;0;0;0;0;0;0;0;0;0;0;0;0;0;0;0;0;0;0;0;0;0;73;0;0;0;0;0;0;0;0;0;0;0;0;0;0;0;10;0;0;0;0;0;15;0;0;0;40;73;0;0;0;0;0;0;0;0;0;0;0;0;0;0;0;0;0;0;0;0;0;0;0;57;0;0;0;0;0;0;0;0;0;0;0;0;0;0;0;0;0;0;0;0;0;0;0;0;0;0;0;0;0;0;0;0;0;0;0;0;37;0;0;0;0;0;0;0;0;0;0;0;0;0;0;0;0;0;0;0;0;0;0;0;0;0;0;0;0;0;0;0;0;0;0;0;0;0;0;26;0;0;0;0;0;0;0;0;0;0;0;0;0;0;0;0;0;0;0;0;0;0;0;0;0;0;0;0;0;0;0;0;0;0;0;0;0;0;0;0;18;0;0;0;0;0;0;0;0;0;0;0;0;0;0;0;0;0;0;0;0;0;0;0;0;0;0;0;0;0;0;0;0;0;0;0;0;0;0;0;0;0;0;0;0;0;0;0;0;0;0;0;0;0;0;0;0;0;0;0;0;0;0;0;0;0;0;0;0;0;0;0;0;0;0;0;0;0;0;0;0;0;0;0;0;0;0;0;0;0;0;0;0;0;0;0;0;0;0;0;0;0;0;0;0;0;0;0;0;0;0;0;0;0;0;0;0;0;0;0;0;0;0;0;0;0;0;0;0;0;0;0;0;0;0;0;0;0;0;0;0;0;0;0;0;0;0;0;0;0;0;0;0;0;0;0;0;0;0;0;0;0;0;0;0;0;0;0;0
43;1.5;0.1;3.9;19.1;0.4;16.2;2.0;6.2;208;12.4;628;medium;1492;510;154;0;222;0;196;13;59;109;97;49;0;0;0;139;117;13;12;0;0;0;0;41;0;0;25;0;0;0;0;0;0;15;33;0;0;0;0;0;0;0;52;25;3;0;0;0;0;0;0;0;0;0;0;0;0;0;0;0;0;0;0;0;0;0;0;0;0;0;0;0;0;0;0;0;0;0;0;0;0;17;0;0;0;0;0;0;0;0;0;0;0;0;0;0;18;0;0;0;11;10;0;0;0;8;0;0;0;0;0;0;0;0;0;0;0;0;0;0;0;0;0;0;0;0;0;0;0;0;0;0;0;0;0;0;0;0;0;0;0;0;0;0;0;0;0;0;0;0;0;0;0;0;0;0;0;0;0;0;0;0;0;0;0;0;0;0;0;0;0;6;0;14;0;0;0;0;0;0;21;0;0;0;0;0;0;0;0;0;0;0;0;0;0;0;0;0;0;0;0;0;0;0;0;0;0;0;0;0;0;0;0;0;0;0;0;0;0;0;0;0;0;0;0;0;0;0;0;0;0;0;0;0;0;0;0;0;0;0;0;0;0;0;0;0;0;0;0;0;0;0;0;0;0;0;0;0;0;0;0;0;0;0;0;0;0;0;0;0;0;0;0;0;0;0;0;0;38;0;0;0;0;0;0;0;0;0;0;0;0;0;0;0;0;0;0;0;0;0;0;0;0;0;0;0;0;0;0;0;0;0;0;0;0;0;0;0;0;0;0;0;0;0;0;0;0;0;0;0;0;0;0;0;0;0;10;0;0;0;0;0;0;0;0;0;0;0;0;0;0;0;0;0;0;0;0;0;0;0;0;0;0;0;0;0;0;0;0;0;0;0;0;0;0;0;0;0;0;0;0;0;0;0;0;0;0;0;0;0;0;0;0;0;0;0;0;0;0;0;0;0;0;0;0;0;0;0;0;0;0;0;0;0;0;0;0;0;0;0;0;0;0;0;0;0;0;0;0;0;0;0;0;0;0;0;0;0;0;0;0;0;0;0;0;0;0;0;0;0;0;0;0;0;0;0;0;0;0;0;0;0;0;0;0;0;0;0;0;0;0;0;0;0;0;0;0;0;0;0;0;0;0;0;0;0;0;0;0;0;0;0;0;16;0;0;0;0;0;0;0;0;0;0;0;0;0;0;0;0;0;0;0;0;0;0;0;0;0;0;0;0;0;0;0;0;0;0;0;0;0;0;0;0;0;0;0;0;0;0;0;0;0;0;0;0;0;0;0;0;0;0;0;0;0;0;0;0;0;0;0;0;0;0;0;0;0;0;0;0;0;0;0;0;0;0;0;0;0;0;0;0;0;0;0;7;0;0;0;0;0;0;0;0;0;0;0;0;0;0;0;0;0;0;0;0;0;0;0;0;0;0;0;0;0;0;0;0;0;0;0;0;0;0;0;0;0;0;0;0;0;0;0;0;0;0;0;0;0;0;0;0;0;0;0;0;0;0;0
44;1.1;0.0;1.2;2.0;0.1;13.9;0.7;8.3;110;7.0;43;small;18;0;86;0;13957;0;0;0;0;6;480;0;0;0;0;0;0;0;0;0;0;0;0;1023;0;0;0;0;0;0;0;0;0;0;1865;0;0;16;0;0;0;0;0;1233;0;0;0;0;0;0;6;0;0;0;0;897;0;0;0;0;0;0;0;0;0;0;0;0;0;0;0;0;0;0;0;0;0;0;0;0;0;0;441;0;0;0;0;0;0;0;0;0;0;0;0;0;28;0;0;0;0;0;0;0;0;0;0;0;0;0;214;0;0;0;0;0;0;0;0;0;0;398;0;0;245;0;0;0;0;0;0;0;0;0;0;0;0;0;0;0;0;57;0;0;0;0;0;0;0;0;0;0;0;0;0;0;0;0;0;0;0;0;7;0;125;0;0;0;0;0;0;0;0;0;0;0;0;0;0;0;0;0;0;0;0;0;0;0;0;0;0;0;0;0;0;0;0;0;0;0;0;0;126;0;0;0;0;0;0;0;0;0;0;0;0;0;0;0;0;0;0;0;0;41;0;0;0;0;0;0;0;0;0;0;0;44;0;0;0;0;0;0;47;0;0;0;0;71;0;0;0;0;0;0;0;0;0;0;0;0;0;0;0;0;0;0;0;0;0;0;0;0;0;0;0;0;0;0;0;0;0;0;0;0;0;0;0;0;0;0;0;0;0;0;0;0;0;0;0;0;0;0;0;0;0;0;0;0;0;0;0;0;0;0;0;0;0;0;0;0;0;0;0;0;36;0;0;0;0;0;0;0;0;0;0;40;0;46;0;0;0;0;0;0;0;0;0;0;0;0;0;0;0;0;0;0;0;0;0;0;0;0;0;0;0;0;0;0;0;0;0;0;49;0;0;0;0;0;0;0;0;0;0;0;0;0;0;0;0;0;0;0;0;0;0;0;0;0;0;0;0;0;0;0;0;0;0;0;0;0;0;0;0;0;0;0;0;0;0;0;0;0;0;0;0;0;0;0;0;0;0;0;0;0;0;0;0;0;0;0;0;0;0;0;0;0;0;0;0;0;0;0;0;0;0;0;0;0;0;0;0;0;0;0;0;0;0;0;0;0;0;0;0;0;0;0;0;0;0;0;0;0;0;0;0;0;0;0;0;0;0;0;0;0;0;16;0;0;0;0;0;0;0;0;0;0;0;0;0;0;0;0;0;0;0;0;0;0;0;0;0;0;0;0;0;0;0;0;0;0;0;0;0;0;0;0;0;0;0;0;0;0;0;0;0;0;0;0;0;0;0;0;0;0;0;0;0;0;0;0;0;0;0;0;0;0;0;0;0;0;0;0;0;0;0;0;0;0;0;0;0;0;0;0;0;0;7;7;0;0;0;0;0;0;0;0;0;0;0;0;0;0;0;0;0;0;0;0;0;0;0;0;0;0;0;0;0;0;0;0;0;0;0;0;0;0;0;0;0;0;0;0;0;0;0;0;0;0;0;0;0;0;0;0;0;0;0;0;0
46;1.2;0.0;1.4;3.1;0.2;15.4;0.9;8.5;126;8.0;72;small;80;0;0;0;214;0;0;0;0;45;17;0;0;0;0;0;0;0;0;47;0;0;0;116;0;0;0;0;0;0;0;0;0;0;31;0;0;0;0;0;0;0;0;16;0;0;0;0;0;0;0;0;0;0;0;0;0;0;0;0;0;0;0;0;0;0;0;0;0;0;0;0;0;0;0;0;0;0;0;0;0;0;0;0;0;0;0;0;0;0;0;0;0;0;0;0;0;0;0;0;0;0;0;0;0;0;0;0;0;0;0;0;0;0;0;0;0;0;0;0;0;0;0;0;0;0;0;0;0;0;0;0;0;0;0;0;0;0;0;0;0;0;0;0;0;0;0;0;0;0;0;0;0;0;0;0;0;0;0;0;0;0;0;0;0;0;0;0;0;0;0;0;0;0;0;0;0;0;0;0;0;0;0;0;0;0;0;0;0;0;0;0;0;0;0;0;0;0;0;0;0;0;0;0;0;0;0;0;0;0;0;0;0;0;0;0;0;0;0;0;0;0;0;0;0;0;0;0;0;0;0;0;0;0;0;0;0;0;0;0;0;0;0;0;0;0;0;0;0;0;0;0;0;0;0;0;0;0;0;0;0;0;0;0;0;0;0;0;0;0;0;0;0;0;0;0;0;0;0;0;0;0;0;0;0;0;0;0;0;0;0;0;0;0;0;0;0;0;0;0;0;0;0;0;0;0;0;0;0;0;0;0;0;0;0;0;0;0;0;0;0;0;0;0;0;0;0;0;0;0;0;0;0;0;0;0;0;0;0;0;0;0;0;0;0;0;0;0;0;0;0;0;0;0;0;0;0;0;0;0;0;0;0;0;0;0;0;0;0;0;0;0;0;0;0;0;0;0;0;0;0;0;0;0;0;0;0;0;0;0;0;0;0;0;0;0;0;0;0;0;0;0;0;0;0;0;0;0;0;0;0;0;0;0;0;0;0;0;0;0;0;0;0;0;0;0;0;0;0;0;0;0;0;0;0;0;0;0;0;0;0;0;0;0;0;0;0;0;0;0;0;0;0;0;0;0;0;0;0;0;0;0;0;21;0;0;0;0;0;0;0;0;0;0;0;0;0;0;0;0;0;0;0;0;0;0;0;0;0;0;0;0;0;0;0;0;0;0;0;0;0;0;15;0;0;0;0;0;0;0;0;14;0;0;0;0;0;0;0;0;0;0;0;0;0;0;0;0;0;0;0;0;0;0;0;0;0;0;0;0;0;0;0;0;0;0;0;0;0;0;0;0;0;0;0;0;0;0;0;0;0;0;0;0;0;0;0;0;0;0;0;0;0;0;0;0;0;0;0;0;0;0;0;0;0;0;0;0;0;0;0;0;0;0;0;0;0;0;0;0;0;0;0;0;0;0;0;0;0;0;0;0;0;0;0;0;0;0;0;0;0;0;0;0;0;0;0;0;0;0;0;0;0;0;0;0;0;0;0;0;0;0;0;0;0;0;0;0;0
52;63.4;1.4;46.3;65.4;1.3;8.2;52.2;3.4;610;16.1;84;small;536;136;0;0;0;0;0;0;0;0;8;0;0;0;0;0;0;0;0;0;0;0;0;0;7;18;0;0;0;0;11;0;0;0;0;0;0;21;0;0;21;0;0;0;0;0;0;0;25;50;0;0;0;0;0;0;0;0;0;0;0;0;11;0;0;0;0;0;0;0;0;0;0;0;0;0;0;0;0;0;0;0;0;0;0;0;0;0;0;0;0;0;0;0;0;0;0;0;0;0;0;0;0;0;0;0;0;0;0;0;0;0;0;0;0;0;0;0;0;0;0;0;0;0;0;0;0;0;0;0;0;0;0;0;0;0;0;0;0;0;0;0;0;0;0;0;0;0;0;0;0;0;0;0;10;0;0;0;0;0;0;0;0;0;0;0;0;0;0;0;0;0;0;0;0;0;0;0;0;0;0;0;0;0;0;0;0;0;0;0;0;0;0;0;0;0;0;0;0;0;0;0;0;0;0;0;0;0;0;0;0;0;0;0;0;0;0;0;0;0;0;0;0;0;0;0;0;0;0;0;0;0;0;0;0;0;0;0;0;0;0;0;0;0;0;0;0;0;0;0;0;0;0;0;0;0;0;0;0;0;0;0;0;0;0;0;0;0;0;0;0;0;0;0;0;0;0;0;0;0;0;0;0;0;0;0;0;0;0;0;0;0;0;0;0;0;0;0;0;0;0;0;0;0;0;0;0;0;0;0;0;0;0;0;0;0;0;0;0;0;0;0;0;0;0;0;0;0;0;0;0;0;0;0;0;0;0;0;0;0;0;0;0;0;0;0;0;0;0;0;0;0;0;0;0;0;0;0;0;0;0;0;0;0;0;0;0;0;0;0;0;0;0;0;0;0;0;0;0;0;0;0;0;0;0;0;0;0;0;0;0;0;0;0;0;0;0;0;0;0;0;0;0;0;0;0;0;0;0;0;0;0;0;0;0;0;0;0;0;0;0;0;0;0;0;0;0;0;0;0;0;0;0;0;0;0;0;0;0;0;0;0;0;0;0;0;0;0;0;0;0;0;0;0;0;0;0;0;0;0;0;0;0;0;0;0;0;0;0;0;0;0;0;0;0;0;0;0;0;0;0;0;0;0;0;0;0;0;0;0;0;0;0;0;0;0;0;0;0;0;0;0;0;0;0;0;0;0;0;0;0;0;14;0;0;0;0;0;0;0;0;0;0;0;0;0;0;0;0;0;0;0;0;0;0;0;0;0;0;0;0;0;0;0;0;0;0;0;0;0;0;0;0;0;0;0;0;0;0;0;0;0;0;0;0;0;0;0;0;0;0;0;0;8;0;0;0;0;0;0;0;0;0;0;0;0;0;0;0;0;0;0;0;0;0;0;0;0;0;0;0;0;0;0;0;0;0;0;0;0;0;0;0;0;0;0;0;0;0;0;0;0;0;0;0;0;0;0;0;0;0;0;0;0;0;0;0;0;0;0;0;0;0;0;0;0;0;0;0
53;4.0;1.0;5.3;54.4;0.6;5.8;3.6;2.5;303;17.5;224;small;3210;749;376;335;0;109;5983;17135;84;2195;327;20;0;0;196;1589;296;33;87;100;0;0;0;18;34;634;0;0;95;0;468;764;0;0;0;0;4;0;36;33;137;0;13;0;1727;112;0;0;110;0;0;57;0;147;109;0;0;0;17;0;0;0;156;6;0;127;0;0;0;0;0;0;0;0;0;88;0;0;0;0;0;0;0;0;0;0;0;0;81;0;65;0;0;0;17;0;0;0;0;3;0;0;219;0;0;0;0;0;19;285;0;0;0;0;0;0;0;0;0;0;0;0;103;0;0;0;0;0;0;0;0;0;11;0;0;0;0;0;51;0;0;0;0;0;0;0;0;0;0;0;0;0;0;0;0;0;0;0;0;0;0;42;0;0;0;18;27;0;0;0;0;0;0;0;0;0;23;0;0;0;0;0;0;0;0;0;0;0;108;0;0;14;0;0;28;0;0;0;0;0;0;26;0;0;0;0;0;0;0;0;0;0;0;0;0;0;0;0;0;0;168;0;0;0;0;0;0;140;152;0;0;0;0;188;0;0;0;0;0;0;0;0;0;0;0;0;0;0;0;0;0;0;0;0;0;0;0;0;0;0;0;0;0;0;0;0;0;0;0;0;5;0;0;0;0;0;0;0;0;0;0;0;0;0;0;0;0;0;0;0;0;0;49;0;0;105;0;0;0;0;0;0;0;0;0;0;0;0;0;0;0;0;0;0;0;0;0;0;0;0;0;0;0;0;0;0;0;0;0;0;0;0;0;0;0;0;0;0;0;0;0;0;0;0;0;0;0;0;0;0;0;0;0;0;0;0;0;0;0;0;0;9;0;0;36;0;0;0;0;0;0;0;0;0;0;0;46;0;0;0;0;0;0;0;0;0;0;0;0;0;0;0;0;0;0;0;0;0;0;0;0;0;0;0;0;0;0;0;0;18;0;0;0;0;0;0;0;0;0;0;0;0;0;0;0;0;0;0;0;0;0;0;0;17;0;0;0;0;0;0;0;0;0;0;0;0;0;0;0;0;0;0;0;0;0;0;0;0;0;0;0;0;0;0;0;0;0;0;0;0;0;0;0;0;0;0;4;0;0;0;0;0;0;0;0;0;0;0;0;0;0;0;0;0;0;0;0;7;0;0;0;0;0;0;0;0;0;0;0;0;0;0;0;0;0;0;0;0;0;0;12;0;0;0;0;0;0;0;0;0;0;0;0;0;0;0;0;0;0;0;0;0;0;0;0;0;0;9;0;0;0;0;0;0;0;0;0;0;0;0;0;0;0;0;0;0;0;0;0;0;0;0;0;0;0;0;0;0;0;0;0;0;0;0;0;0;0;0;0;0;0;0;0;0;0;0;0;0;0;0;0;0;0;0;0;0;0;0;0;0;0;0;0;0;0;0;0;0;0;0;0;0;0;0;0;0;0;0;0;0;0;0;0;0;0;0;0;0;0;0;0;2;0;0;0;0;0;0;0
54;24.5;1.2;19.3;56.5;0.8;6.4;18.0;2.8;403;16.1;309;small;17777;4077;1142;534;0;417;1323;2841;79;271;519;0;0;0;451;394;443;707;79;226;0;273;319;0;123;290;0;0;0;7;1659;201;0;0;0;0;0;67;128;0;102;0;27;0;1096;479;0;0;0;83;148;414;0;81;156;0;0;0;32;0;0;0;799;41;0;0;0;0;0;26;0;85;0;0;74;0;0;0;0;0;0;0;0;0;0;0;109;116;41;0;77;0;110;0;95;0;0;0;0;0;417;0;84;0;0;0;0;0;0;0;0;0;0;0;0;0;0;0;0;18;0;0;27;0;0;0;0;0;0;0;0;0;0;0;0;0;0;0;0;0;0;0;0;0;0;0;0;31;0;0;0;0;0;0;47;0;0;0;0;0;0;0;0;0;0;12;0;0;0;0;0;0;0;0;0;39;24;0;0;0;0;0;0;0;0;0;0;0;0;0;0;18;0;0;0;0;0;0;0;0;0;0;0;0;127;0;0;0;6;0;0;0;0;0;0;0;0;0;0;0;30;0;0;0;0;0;0;54;0;0;0;0;0;0;0;0;0;0;0;0;0;39;0;0;0;0;0;0;0;0;0;0;0;0;0;0;0;0;0;0;0;0;0;0;0;0;0;0;0;0;0;0;0;0;0;0;0;125;0;0;0;0;0;0;0;0;0;0;0;0;0;0;44;0;0;0;0;0;0;0;0;0;0;0;0;0;0;0;0;0;0;92;0;0;0;0;0;0;0;0;86;0;0;0;0;0;0;0;0;0;0;0;0;0;0;0;0;0;0;0;0;0;0;0;0;0;0;0;0;0;0;0;0;0;0;0;0;0;0;0;0;0;0;0;0;0;0;0;0;0;0;0;0;0;0;0;0;0;0;0;0;0;0;0;0;0;0;27;0;0;0;0;0;0;0;0;0;0;37;0;0;0;0;0;0;0;0;0;0;0;0;0;0;0;0;0;0;0;0;0;0;0;0;0;0;0;0;0;0;0;0;4;0;0;0;0;0;0;26;0;0;0;0;0;0;3;0;0;0;0;0;0;0;0;0;0;2;0;0;0;0;0;0;0;0;0;0;0;0;19;0;0;0;0;0;0;0;0;0;0;0;0;0;0;0;0;0;0;0;0;16;16;0;0;0;0;0;0;3;0;0;0;0;0;0;0;14;9;0;0;0;0;0;0;0;0;0;0;0;0;0;0;0;0;0;0;0;0;0;0;0;0;0;0;0;0;0;10;0;0;0;0;0;0;0;0;0;0;0;0;0;0;0;0;0;0;0;0;0;0;0;0;0;0;0;0;0;0;0;0;0;0;0;0;0;0;0;0;7;0;0;0;0;0;0;0;0;0;0;0;0;0;0;0;6;0;0;0;0;0;0;0;0;0;0;0;0;5;5;0;0;0;0;0;0;0;0;0;0;0;0;0;0;0;0;0;0;0;0;0;0;0;0;0;0;0;0;0;0;0;0;0;0;0;0;0;0;0;0
55;9.6;1.1;69.0;81.9;0.7;7.2;7.1;2.2;465;15.9;1026;medium;3719;27893;89;17;0;211;46;916;0;0;165;0;0;0;7160;0;72;29;0;0;0;0;0;0;35;0;0;0;0;18;0;0;0;0;0;0;0;33;0;0;140;0;19;0;0;0;0;0;38;0;0;13;0;0;0;0;0;0;0;0;1151;0;0;18;0;0;0;0;0;0;40;0;0;0;0;0;0;0;0;0;0;0;0;0;0;0;0;125;0;0;0;0;0;0;0;21;0;29;0;216;0;0;0;0;0;0;0;0;0;0;0;0;0;0;0;0;0;0;0;0;0;0;0;0;0;0;0;203;0;0;0;0;0;0;0;0;0;0;0;0;0;0;0;0;0;0;0;0;0;0;53;0;0;0;0;0;0;0;0;0;0;0;0;0;0;0;11;0;0;0;0;0;0;0;0;0;0;0;0;0;0;0;316;0;0;0;0;0;0;0;0;0;0;0;0;0;0;0;0;0;0;0;0;0;0;0;0;0;0;0;0;0;0;0;0;0;0;98;0;0;0;0;0;0;0;0;0;0;0;0;194;0;0;0;0;0;0;0;0;0;0;0;0;0;0;0;0;0;0;0;0;0;0;0;0;0;0;154;150;0;0;0;0;0;0;0;0;0;0;0;0;0;0;0;0;0;0;0;0;0;75;118;0;0;0;0;111;0;0;0;0;0;0;0;0;0;0;0;0;0;0;0;0;0;0;38;0;0;0;0;0;0;0;0;0;0;0;0;0;0;0;0;0;0;0;0;0;0;0;0;0;0;0;0;0;0;0;0;0;0;0;0;0;0;0;0;0;0;35;0;0;0;0;0;0;0;0;0;0;0;0;0;57;0;0;0;0;0;0;0;0;0;0;0;0;0;0;0;0;0;0;0;0;0;0;0;0;0;0;0;0;0;0;0;0;0;0;0;0;0;0;0;0;0;0;34;34;34;0;0;0;0;0;0;0;0;0;0;0;0;0;0;0;0;0;0;0;0;0;0;0;0;0;0;0;0;0;0;0;0;0;0;0;0;0;0;24;0;0;0;0;0;0;0;0;0;0;0;0;0;0;0;0;0;0;0;0;0;0;0;19;19;0;0;0;0;0;0;0;0;0;0;0;0;0;0;0;0;0;0;0;0;0;0;0;0;0;0;0;0;0;0;0;0;0;0;0;0;0;0;0;0;0;0;13;0;0;0;0;0;0;0;0;0;0;0;0;0;0;0;0;0;0;0;0;0;0;0;0;0;0;0;0;0;0;0;0;0;0;0;0;0;0;0;0;0;0;0;0;0;0;0;0;0;0;0;0;0;0;0;0;0;0;0;0;0;0;0;0;0;0;0;0;0;0;0;0;0;0;0;0;0;0;0;0;0;0;0;0;0;0;0;0;0;0;0;0;0;0;0;0;0;0;0;0;0;0;0;0;0;0;0;0;0;0;0;0;0;0;0;0;0;0;0;0;0;0;0;0;0;0;0;0;0;0;0;0;0;0
56;10.8;1.6;90.5;87.5;0.7;6.4;7.6;2.9;474;14.2;181;small;564;122;0;0;0;0;0;403;0;400;90;0;0;0;0;0;136;231;6;0;0;0;0;163;0;0;0;0;0;0;0;0;0;0;0;0;0;0;0;0;0;0;0;0;0;0;0;0;0;0;0;53;0;63;0;0;0;0;0;0;0;0;0;26;0;0;0;0;0;0;0;0;0;0;0;0;0;0;0;0;0;0;0;0;0;0;0;0;0;0;0;0;0;0;0;0;0;0;0;0;0;0;0;0;0;0;0;0;0;0;0;0;0;0;0;0;0;0;0;0;0;0;0;0;0;0;0;0;0;0;0;0;0;0;0;0;0;0;57;0;0;0;0;0;0;0;0;0;0;0;0;33;0;0;0;0;0;0;0;0;0;0;0;0;0;0;0;0;0;0;0;0;0;0;0;0;0;0;0;0;0;0;0;28;0;0;0;0;0;0;0;0;0;0;0;0;0;0;0;0;0;0;0;0;0;0;0;0;0;0;0;0;0;0;0;0;0;0;0;0;0;0;0;0;0;0;0;0;0;0;0;0;0;0;0;0;0;0;0;0;0;0;0;0;0;0;0;0;0;0;0;0;0;0;0;0;0;0;0;0;0;0;0;0;0;0;0;0;0;0;0;0;0;0;0;0;0;0;0;0;0;0;0;0;0;0;0;0;0;0;0;0;0;0;0;0;0;0;0;0;0;0;0;0;0;0;0;0;0;0;0;0;0;0;0;0;0;0;0;0;0;0;0;0;0;43;0;0;0;0;0;0;0;0;0;0;0;0;0;0;0;0;0;0;0;0;0;0;0;0;0;0;0;0;0;0;0;0;0;0;0;0;0;0;0;0;0;0;52;50;0;0;0;0;0;0;0;0;0;0;0;0;0;0;0;0;0;0;0;0;0;0;0;0;0;0;0;0;0;0;0;0;0;0;0;0;0;0;0;0;0;0;0;0;0;0;0;0;0;0;0;0;0;0;0;0;0;0;0;0;0;0;0;0;0;0;0;0;0;0;0;0;0;0;0;0;0;0;0;0;0;0;22;0;0;0;0;0;21;0;0;0;0;0;0;0;0;0;0;0;0;0;0;0;0;0;0;0;0;0;0;0;0;0;0;0;0;0;0;0;0;0;0;0;0;0;0;0;0;0;0;0;0;0;0;0;0;0;0;0;0;0;0;0;0;0;0;0;0;0;0;0;0;0;0;0;0;0;0;0;0;0;0;0;0;0;0;0;0;0;0;0;0;0;0;0;0;0;0;0;0;0;0;0;0;0;0;0;0;0;0;0;0;8;0;0;0;0;0;0;0;0;0;0;0;0;0;0;0;0;0;0;0;0;0;0;0;0;0;0;0;0;0;0;0;0;0;0;0;0;0;0;0;0;0;0;0;0;0;0;0;0;0;0;0;0;0;0;0;0;0;0;0;0;0;0;0;0;0;0;0;0;0;0;0;0;0;0;0;0;0;0;0;0;0;0;0;0;0
57;9.8;1.3;77.5;86.5;0.8;7.2;8.0;2.5;159;14.6;1217;medium;4280;7010;1914;24;135;700;304;2425;49;3807;960;0;0;0;1588;89;382;159;43;132;0;137;0;20;141;58;0;0;0;49;63;0;0;0;0;0;0;108;73;0;236;0;22;0;0;0;36;0;195;0;35;0;0;209;0;0;0;0;0;0;420;0;0;123;95;0;0;0;0;0;122;0;0;537;25;19;0;0;0;0;0;0;0;0;36;0;0;0;0;0;0;0;0;0;0;67;0;102;0;135;38;0;0;0;0;0;0;0;0;0;0;0;0;86;0;0;0;0;0;0;0;0;0;9;0;0;0;170;0;0;0;0;0;0;0;0;0;0;76;10;0;0;0;0;0;0;0;26;0;0;71;31;0;0;0;10;0;0;0;0;0;0;0;0;0;0;41;0;0;0;0;0;135;0;0;0;13;22;0;0;0;0;0;0;0;0;0;0;0;0;0;27;0;0;12;0;0;0;0;0;0;0;0;0;0;0;0;0;9;0;0;0;0;0;0;0;0;67;0;0;12;0;0;0;0;0;0;0;51;0;0;0;0;0;0;0;0;0;0;0;0;0;0;0;21;32;0;0;0;0;0;0;0;0;24;0;24;0;0;0;0;0;0;0;0;0;0;0;0;0;29;0;0;0;0;0;0;0;87;0;25;0;0;0;0;0;0;0;0;0;0;0;0;0;0;0;0;0;0;0;0;0;0;0;0;0;14;0;0;0;0;0;0;0;0;0;0;0;0;0;0;0;0;0;0;0;0;0;0;0;0;0;0;0;0;0;0;0;0;0;0;0;0;0;0;0;0;0;0;0;0;0;0;0;0;0;0;0;0;0;0;0;0;0;0;0;0;0;0;0;0;0;0;0;0;0;0;0;0;0;0;0;0;0;0;38;0;0;0;0;0;0;0;0;0;0;0;0;0;0;0;0;0;0;0;0;0;0;0;0;0;0;0;0;0;0;0;0;0;0;0;0;0;0;0;0;0;0;0;0;0;0;0;0;0;0;0;0;0;0;0;0;0;0;0;0;0;0;0;0;23;0;0;0;0;0;0;0;0;0;0;0;0;0;0;0;0;0;0;0;0;0;0;0;0;0;0;0;0;0;0;0;0;17;17;5;0;0;0;0;0;0;0;0;0;0;0;0;0;0;0;0;0;0;0;0;0;0;14;0;0;0;0;0;0;0;0;0;0;0;0;0;0;0;0;0;0;0;0;0;0;0;0;0;0;0;0;0;0;0;0;0;0;0;0;0;0;0;9;9;0;0;0;0;0;0;0;0;0;0;0;0;0;0;8;0;0;0;0;0;0;0;0;0;0;0;0;0;0;0;0;0;0;0;0;0;0;0;0;0;0;0;0;0;0;0;0;0;0;0;0;0;0;0;0;0;0;0;0;0;0;0;0;0;0;0;0;0;0;0;0;0;0;0;0;0;0;0;0;0;0;0;0;0;0;0;0;0;0;0;0;0;0;0;0;0;0;0;0
63;6.3;0.6;47.3;50.1;3.8;27.0;34.9;5.2;535;17.9;84;small;2906;1832;0;2003;105;1086;262;20;0;31;1327;0;720;0;0;133;33;0;0;0;0;0;0;0;2889;0;0;3438;220;546;0;65;0;0;0;0;2290;0;0;370;0;1035;227;0;120;0;0;0;0;331;115;0;878;0;0;0;690;857;618;0;0;502;151;136;37;0;551;0;0;0;14;1112;0;0;54;0;0;276;0;664;0;0;0;0;0;480;0;0;0;0;0;241;0;0;0;39;0;0;0;0;0;0;0;0;0;0;0;243;0;0;0;0;0;0;223;0;382;87;0;0;0;0;0;64;0;0;0;0;0;0;0;17;14;464;166;0;0;0;0;0;0;0;0;218;15;0;62;10;0;0;0;0;0;0;0;248;0;196;0;128;0;0;111;365;0;129;0;195;0;0;0;0;0;0;111;0;0;54;0;0;0;0;0;23;0;4;130;305;0;0;165;10;273;253;36;0;133;17;0;0;0;0;0;0;0;0;0;189;0;0;246;0;0;0;0;0;0;0;0;0;0;0;0;0;0;22;5;0;0;76;0;0;0;0;0;0;0;0;0;0;0;0;0;0;0;0;0;0;0;0;0;0;0;0;0;0;0;0;0;14;0;0;0;56;0;0;0;0;0;0;51;0;0;0;0;0;3;0;0;0;0;0;0;112;0;0;0;0;0;0;0;44;0;10;0;0;0;0;99;0;0;0;0;0;0;0;0;0;0;0;15;0;0;0;6;0;0;87;0;0;0;0;0;83;0;17;0;0;0;0;0;76;0;75;0;0;0;0;0;0;53;30;0;55;0;0;0;0;0;0;0;0;62;62;0;0;61;0;59;0;0;0;0;0;0;55;0;0;0;0;0;6;0;0;0;0;0;0;0;0;0;0;0;0;0;0;0;0;42;0;0;0;0;0;0;0;39;0;0;0;0;36;0;0;0;0;0;0;23;0;0;0;0;0;0;0;31;0;0;0;0;0;0;0;0;8;28;9;0;0;0;0;0;0;27;27;0;0;0;0;0;0;0;0;0;0;0;11;0;0;0;0;0;22;0;0;0;0;0;21;0;0;0;0;0;0;0;0;0;0;0;0;19;14;0;0;6;6;0;0;0;0;0;0;0;0;17;0;0;0;0;0;6;0;0;0;0;0;0;0;0;0;0;0;0;0;0;0;0;0;0;0;0;0;0;0;0;0;0;0;0;0;12;0;0;0;0;0;0;0;0;7;0;0;0;0;0;0;0;0;10;0;0;0;0;0;0;0;0;0;9;9;0;0;0;0;0;0;0;0;0;0;0;0;0;0;0;8;8;8;8;0;0;0;0;0;5;0;0;7;0;0;0;0;0;0;0;0;0;0;0;0;0;0;0;0;6;6;6;0;0;0;0;0;0;0;0;0;0;5;5;5;0;0;0;0;0;0;0;4;0;0;0;0;0;0;0;3;3;3;3;0;0;0;0;0;0;0;0;0;0;0;2;2;0;0;0;0;0
64;10.8;0.3;24.8;47.8;1.4;19.7;12.1;6.0;417;15.6;176;small;83;0;0;0;15;0;12;0;0;0;0;0;0;0;0;0;0;0;0;0;0;0;0;0;0;0;0;0;0;0;0;0;0;0;0;0;0;0;0;0;0;0;0;0;0;0;0;0;0;0;0;0;0;0;0;0;0;0;0;0;0;0;0;0;0;0;0;0;0;0;0;0;0;0;0;0;0;0;0;0;0;0;0;0;0;0;0;0;0;0;0;0;0;0;0;0;0;0;0;0;0;0;0;0;0;0;0;0;0;0;0;0;0;0;0;0;0;0;0;0;0;0;0;0;0;0;0;0;0;0;0;0;0;0;0;0;0;0;0;0;0;0;0;0;0;0;0;0;0;0;0;0;0;0;0;0;0;0;0;0;0;0;0;0;0;0;0;0;0;0;0;0;0;0;0;0;0;0;0;0;0;0;0;0;0;0;0;0;0;0;0;0;0;0;0;0;0;0;0;0;0;0;0;0;0;0;0;0;0;0;0;0;0;0;0;0;0;0;0;0;0;0;0;0;0;0;0;0;0;0;0;0;0;0;0;0;0;0;0;0;0;0;0;0;0;0;0;0;0;0;0;0;0;0;0;0;0;0;0;0;0;0;0;0;0;0;0;0;0;0;0;0;0;0;0;0;0;0;0;0;0;0;0;0;0;0;0;0;0;0;0;0;0;0;0;0;0;0;0;0;0;0;0;0;0;0;0;0;0;0;0;0;0;0;0;0;0;0;0;0;0;0;0;0;0;0;0;0;0;0;0;0;0;0;0;0;0;0;0;0;0;0;0;0;0;0;0;0;0;0;0;0;0;0;0;0;0;0;0;0;0;0;0;0;0;0;0;0;0;0;0;0;0;0;0;0;0;0;0;0;0;0;0;0;0;0;0;0;0;0;0;0;0;0;0;0;0;0;0;0;0;0;0;0;0;0;0;0;0;0;0;0;0;0;0;0;0;0;0;0;0;0;0;0;0;0;0;0;0;0;0;0;0;0;0;0;0;0;0;0;0;0;0;0;0;0;0;0;0;0;0;0;0;0;0;0;0;0;0;0;0;0;0;0;0;0;0;0;0;0;0;0;0;0;0;0;0;0;0;0;0;0;0;0;0;0;0;0;0;0;0;0;0;0;0;0;0;0;0;0;0;0;0;0;0;0;0;0;0;0;0;0;0;0;0;0;0;0;0;0;0;0;0;0;0;0;0;0;0;0;0;0;0;0;0;0;0;0;0;0;0;0;0;0;0;0;0;0;0;0;0;0;0;0;0;0;0;0;0;0;0;0;0;0;0;0;0;0;0;0;0;0;0;0;0;0;0;0;0;0;0;0;0;0;0;0;0;0;0;0;0;0;0;0;0;0;0;0;0;0;0;0;0;0;0;0;0;0;0;0;0;0;0;0;0;0;0;0;0;0;0;0;0;0;0;0;0;0;0;0;0;0;0;0;0;0;0;0;0;0;0;0;0;0;0;0;0;0;0
65;3.6;1.0;16.4;53.5;0.4;4.7;2.4;2.7;306;12.8;114;small;1337;621;11782;0;993;128;0;26;121;224;368;1135;0;0;0;0;969;510;4544;350;0;0;0;825;0;0;0;0;0;0;0;0;0;23;0;0;0;0;2988;0;938;0;31;0;27;0;537;0;1510;0;122;860;0;1214;0;0;0;0;0;0;0;0;26;22;0;0;0;0;0;0;0;106;0;0;0;7;0;0;0;0;0;0;0;0;0;0;0;0;0;0;453;0;440;0;0;122;0;93;310;4;0;0;0;0;0;0;0;0;0;0;0;0;0;0;0;0;0;0;0;0;0;0;0;0;0;330;0;0;0;0;0;0;50;0;0;0;0;0;5;403;0;0;0;0;0;0;0;85;70;0;0;0;0;0;0;0;56;0;0;0;0;0;0;0;0;0;0;0;0;0;0;0;0;0;0;130;13;0;0;0;0;0;0;0;0;0;0;0;0;0;0;10;0;0;0;0;0;0;0;0;0;0;0;0;0;0;0;0;0;0;0;0;0;0;0;0;0;0;0;0;0;0;0;0;0;0;0;0;0;0;0;0;0;0;0;0;0;0;0;0;0;0;0;0;95;0;0;0;0;0;0;0;0;0;0;0;0;0;0;0;0;0;0;0;0;0;0;142;0;0;0;0;0;0;0;0;0;0;0;0;0;0;0;0;0;0;0;0;0;0;0;0;0;0;0;0;105;0;0;0;0;0;0;0;0;0;0;0;0;0;0;0;0;0;0;89;0;0;87;0;0;0;0;0;0;17;0;0;0;0;0;0;0;0;0;0;8;0;0;0;0;0;0;0;0;0;0;0;0;0;0;0;0;0;0;0;0;0;0;39;0;0;0;0;0;0;0;0;0;0;0;0;0;0;0;0;0;0;0;0;46;0;0;0;0;0;0;15;0;0;0;0;0;0;0;0;0;0;0;0;0;0;0;0;0;0;0;0;0;0;0;0;0;0;0;0;0;0;0;0;0;0;0;29;29;0;0;0;0;0;0;0;0;0;0;0;0;0;0;0;0;0;0;0;0;21;0;0;0;0;0;0;0;0;0;0;0;0;0;0;0;0;0;0;0;0;0;0;0;0;0;0;0;0;0;0;0;0;0;0;0;0;0;0;0;12;0;0;0;0;0;0;0;0;0;0;0;8;0;0;0;0;0;0;0;0;0;0;0;0;0;0;0;0;0;0;0;0;0;0;0;0;0;0;0;0;0;0;0;0;0;0;0;0;11;0;0;0;0;0;0;0;0;0;0;0;0;0;0;0;0;0;0;0;0;0;0;0;0;0;0;0;0;0;0;0;0;0;0;0;0;0;0;0;0;0;0;0;0;0;0;0;0;0;0;0;0;0;0;0;0;0;0;0;0;0;0;0;0;0;0;0;0;0;0;0;0;0;0;0;0;0;0;0;0;0;0;0;0;0;0;0;0;0;0;0;0;0;0;0;0;0;0;0;0;0;0;0;0;0;0;0;0;0;0;0;0;0;0
67;1.4;0.1;24.7;48.2;1.1;5.4;5.6;2.3;290;11.7;103;small;9796;2806;146;0;14367;0;107;0;312;0;0;0;0;0;0;0;0;0;0;0;0;0;0;3;0;0;0;0;0;0;0;0;0;23;0;0;0;0;0;0;0;0;0;0;0;0;0;0;0;0;0;0;0;0;0;0;0;0;0;0;0;0;0;0;0;0;0;0;0;0;0;0;0;0;0;0;0;0;0;0;0;0;130;1203;0;0;0;0;0;0;0;0;0;0;0;0;0;0;0;0;0;0;0;0;0;47;0;0;0;0;0;0;0;0;0;0;0;0;0;0;0;0;0;0;0;0;0;0;0;586;0;0;0;0;0;0;0;0;0;0;16;0;0;0;0;0;0;0;0;0;0;0;0;0;0;0;0;0;0;0;0;0;0;0;0;0;0;0;0;0;0;0;0;0;0;0;0;0;0;0;0;0;0;0;0;0;0;0;0;0;0;0;0;0;0;0;0;0;0;0;0;0;0;0;0;0;0;0;0;0;0;0;0;0;0;0;0;0;0;0;0;0;0;0;0;0;0;0;0;0;0;0;0;0;0;0;0;0;0;0;0;0;0;0;0;0;0;0;0;0;0;0;0;0;0;0;0;0;0;0;0;0;0;0;0;0;0;0;0;0;0;0;0;0;0;0;0;0;0;0;0;0;0;0;0;0;0;0;0;0;0;0;0;0;0;0;0;0;0;0;0;0;0;0;0;0;0;0;0;0;0;0;0;0;0;0;0;0;0;0;0;0;0;0;0;0;0;0;0;0;0;0;0;0;0;0;0;0;0;0;0;0;0;0;0;0;0;0;0;0;0;0;0;0;0;0;0;0;0;0;0;0;0;0;0;0;0;0;0;0;0;0;0;0;0;0;0;0;0;0;0;0;0;0;0;0;0;0;0;0;0;0;0;0;0;0;0;0;0;0;0;0;0;0;0;0;0;0;0;0;0;0;0;0;0;0;0;0;0;0;0;0;0;0;0;0;0;0;0;0;0;0;0;0;0;0;0;0;0;0;0;0;0;0;0;0;0;0;0;0;0;0;0;0;0;0;0;0;0;0;0;0;0;0;0;0;0;0;0;0;0;0;0;0;0;0;0;0;0;0;0;0;0;0;0;0;0;0;0;0;0;0;0;0;0;0;0;0;0;0;0;0;0;0;0;0;0;0;0;0;0;0;0;0;0;0;0;0;0;0;0;0;0;0;0;0;0;0;0;0;0;0;0;0;0;0;0;0;0;0;0;0;0;0;0;0;0;0;0;0;0;0;0;0;0;0;0;0;0;0;0;0;0;0;0;0;0;0;0;0;0;0;0;0;0;0;0;0;0;0;0;0;0;0;0;0;0;0;0;0;0;0;0;0;0;0;0;0;0;0;0;0;0;0;0;0;0;0;0;0;0;0;0;0;0;0;0;0;0;0;0;0;0;0;0;0;0;0;0;0;0;0;0;0;0;0;0;0;0;0;0;0;0;0;0;0;0;0;0
68;1.7;0.1;13.6;42.5;0.9;10.2;5.8;3.7;289;12.8;471;small;24253;7019;1532;31;2431;139;3077;0;2684;0;0;0;0;0;0;666;128;18;0;0;163;0;522;0;0;440;50;0;0;0;0;307;0;21;9;237;0;0;0;0;0;0;8;0;13;0;0;0;0;0;0;0;0;0;0;0;0;0;0;0;0;0;0;0;0;146;0;0;0;54;0;0;0;0;0;0;0;0;0;0;141;0;0;0;0;0;0;0;33;0;0;0;0;0;0;0;0;0;0;0;0;0;0;0;0;118;60;0;0;0;0;152;0;0;0;0;0;95;0;0;0;0;0;0;0;0;0;0;0;0;35;0;0;0;0;0;0;0;0;0;30;10;0;0;0;0;0;0;0;0;0;0;68;0;0;0;0;0;0;0;22;0;0;0;0;0;0;0;0;0;26;0;0;0;0;0;0;0;0;0;0;0;0;0;0;0;0;0;0;0;0;0;0;0;0;0;0;0;0;0;0;0;0;0;0;0;0;0;0;247;0;0;0;0;0;0;0;0;0;0;0;0;0;0;0;0;0;0;0;0;0;0;0;0;0;0;0;0;0;0;0;0;0;0;0;0;0;0;0;0;0;0;0;0;6;0;0;0;0;0;0;0;0;0;0;0;0;0;0;0;0;0;0;0;0;0;0;0;0;0;0;0;0;0;0;0;0;0;0;0;0;0;0;0;0;0;0;0;0;0;0;0;0;0;0;0;0;0;0;0;0;0;0;0;0;0;0;0;0;0;0;0;0;0;0;0;0;0;0;0;0;0;0;0;0;0;17;0;0;0;0;0;0;0;0;0;0;0;0;0;0;0;0;0;0;0;0;0;0;0;0;0;0;0;0;0;0;0;0;0;0;0;0;0;0;0;0;0;0;0;0;0;0;0;0;0;0;0;0;0;0;0;0;0;0;0;0;0;0;0;0;0;0;0;0;0;0;0;0;0;0;0;0;0;0;0;0;0;0;0;0;0;0;0;0;0;0;0;0;0;0;0;0;0;0;0;0;0;0;0;0;0;0;0;0;0;0;0;0;0;0;0;0;0;0;0;0;0;0;0;0;0;0;0;0;0;0;0;0;0;0;0;0;0;0;0;0;0;0;0;0;0;0;0;0;0;0;0;0;9;0;0;0;0;0;0;0;0;0;0;0;0;0;0;0;0;0;0;0;0;0;0;0;0;0;0;0;0;0;0;0;0;0;0;0;0;0;0;0;0;0;0;0;0;0;0;0;0;0;0;0;0;0;0;0;0;0;0;0;0;0;0;0;0;0;0;0;0;0;0;0;0;0;0;0;0;0;0;0;0;0;0;0;0;0;0;0;0;0;0;0;0;0;0;0;0;0;0;0;0;0;0;0;0;0;0;0;0;0;0;0;0;0;0;0;0;0;0;0;0;0;0;0;0;0;0;0;0;0;0;0;0;0;0;0;0;0;0;0;0;0;0;0;0;0;0;0;0;0;0;0;0;0;0;0;0;0;0;0
69;4.7;1.3;18.8;56.9;0.5;5.1;3.3;2.9;313;13.6;176;small;2537;1049;21861;0;4333;49;17;64;200;307;145;2448;0;0;0;0;497;106;1380;209;0;1942;0;433;0;0;0;0;0;0;0;0;0;0;0;0;0;0;29;0;67;0;34;0;0;0;1679;0;415;0;5;179;0;348;0;0;0;0;0;0;0;0;0;12;0;0;0;0;0;0;0;0;0;0;0;0;0;0;0;0;0;0;0;0;0;0;0;0;0;0;197;0;0;0;0;0;0;0;215;0;0;0;0;370;0;0;0;0;0;0;0;0;0;0;0;345;0;0;0;0;0;0;0;0;0;0;0;0;0;0;0;0;0;0;0;0;0;0;14;81;0;0;0;0;0;0;0;0;8;0;0;0;0;0;0;0;0;0;0;0;0;0;0;0;0;0;0;0;0;0;0;0;0;0;0;0;0;0;0;0;0;0;0;0;0;0;0;0;0;0;0;0;0;0;0;0;0;0;0;0;0;0;0;0;0;254;0;0;0;0;0;119;0;0;0;0;0;0;0;0;0;0;0;0;0;0;0;0;0;0;0;0;0;0;0;0;0;0;0;0;0;0;0;0;39;0;170;0;0;0;0;0;0;0;0;0;0;0;0;0;0;0;0;0;0;0;0;0;0;0;0;0;0;0;0;0;0;0;0;0;0;0;0;0;0;0;0;0;0;0;107;0;0;0;0;0;0;0;0;0;0;0;0;0;0;0;0;0;0;0;0;0;0;0;0;0;0;0;0;0;0;0;0;0;0;5;0;0;0;0;0;0;0;0;0;0;0;0;0;0;0;0;0;0;0;0;0;0;0;0;0;0;0;0;6;0;0;0;0;19;0;0;0;0;0;0;0;0;0;0;0;0;0;0;0;0;0;0;0;0;0;0;0;0;0;0;0;0;0;0;0;0;0;0;0;0;0;0;0;0;0;0;0;0;0;0;0;0;0;0;0;0;0;0;0;0;0;0;0;0;0;0;0;0;0;0;0;0;0;0;6;0;0;0;0;0;0;0;0;0;0;0;0;0;0;0;0;0;0;0;0;0;0;0;0;0;0;0;0;0;0;0;0;0;0;0;0;0;0;0;0;0;0;0;0;0;0;0;0;0;0;0;0;0;0;0;0;0;0;0;0;0;0;0;0;0;0;0;0;0;0;0;0;0;0;0;0;0;0;0;0;0;0;0;0;0;0;0;0;0;0;0;0;0;0;0;0;0;0;0;0;0;0;0;0;0;0;0;0;0;0;0;0;0;10;0;0;0;0;0;0;0;0;0;0;0;0;0;0;0;0;0;0;0;0;0;0;0;0;0;0;0;0;0;0;0;0;0;0;0;0;0;0;0;0;0;0;0;0;0;0;0;0;0;0;0;0;0;0;0;0;0;0;0;0;0;0;0;0;0;0;0;0;0;0;0;0;0;0;0;0;0;0;0;0;0;0;0;0;0;0;0;0;0;0;0;0;0;0;0;0;0;0;0;0;0;0;0;0
70;1.2;0.1;6.8;40.7;0.5;9.5;2.9;4.1;266;9.9;150;small;20895;6542;1414;47;3724;70;881;0;475;405;82;0;0;0;0;340;274;25;0;532;158;0;538;30;0;175;77;0;0;0;0;127;0;78;40;189;0;0;0;0;0;0;91;0;11;0;0;0;0;0;0;44;0;0;0;0;0;0;0;0;0;0;0;0;0;0;0;0;0;36;0;0;0;0;0;0;0;0;226;0;143;0;0;0;0;0;0;0;0;0;0;0;0;0;0;0;81;0;0;0;0;0;0;0;0;11;32;0;0;0;0;0;0;0;0;0;0;0;0;0;0;0;0;0;0;0;0;0;0;0;22;0;0;0;0;0;0;0;8;0;24;0;0;0;0;0;0;0;0;0;0;0;0;0;34;0;0;0;0;0;0;0;0;0;0;0;0;0;0;0;0;9;0;0;0;0;0;0;0;39;0;0;0;0;0;0;0;0;0;0;0;0;0;0;0;0;0;0;63;0;0;0;0;0;0;0;0;0;0;0;0;0;0;0;0;0;0;0;0;0;0;0;0;0;0;0;0;0;0;0;0;0;0;0;0;0;0;0;8;0;0;0;0;0;0;0;0;0;0;0;0;0;0;0;0;0;0;0;0;0;0;0;0;0;0;0;0;0;0;0;0;0;0;0;0;0;0;0;0;0;0;0;0;0;0;0;0;0;0;0;0;0;0;6;0;0;0;0;0;0;0;0;0;0;0;0;0;0;0;0;0;0;0;0;0;0;0;0;0;0;0;0;0;0;0;0;0;0;0;0;0;0;0;0;0;0;0;0;0;0;0;0;0;0;0;0;0;0;0;0;0;0;0;0;0;0;0;0;0;0;0;0;0;0;0;0;0;0;0;0;0;0;0;0;0;0;0;0;0;0;0;0;0;0;0;0;0;0;0;0;0;0;0;0;0;0;0;0;0;0;0;0;0;15;0;0;0;0;0;0;0;0;0;0;0;0;0;0;0;0;0;0;0;0;0;0;0;0;0;0;0;0;0;6;0;0;0;0;0;0;0;0;0;0;0;0;0;0;0;0;0;5;0;0;0;0;0;0;0;0;0;0;0;0;0;0;0;0;0;0;0;0;0;0;0;0;0;0;0;0;0;0;0;0;0;0;0;0;0;0;0;0;0;0;0;0;0;0;0;0;0;0;0;0;0;0;0;0;0;0;0;0;0;0;0;0;0;0;0;0;0;0;0;0;0;0;0;0;0;3;0;0;0;0;0;0;0;0;0;0;0;0;0;0;0;0;0;0;0;0;0;0;0;0;0;0;0;0;0;0;0;0;0;0;0;0;0;0;0;0;0;0;0;0;0;0;0;0;0;0;0;0;0;0;0;0;0;0;0;0;0;0;0;0;0;0;0;0;0;0;0;0;0;0;0;0;0;0;0;0;0;0;0;0;0;0;0;0;0;0;0;0;0;0;0;0;0;0;0;0;0;0;0;0;0;0;0;0;0;0;0;0;0;0;0;0;0;0;0
71;3.5;0.0;23.8;53.5;1.2;19.1;9.4;4.7;400;15.1;106;small;23770;6972;1031;731;5169;527;898;22;719;0;78;0;127;0;0;389;640;83;0;580;80;0;497;54;0;219;118;0;0;0;0;113;0;0;0;267;0;12;0;0;0;0;77;0;0;186;0;0;0;151;0;0;0;0;0;0;0;0;0;0;0;0;0;0;25;0;0;0;0;57;0;0;0;0;0;0;0;0;204;12;0;0;0;0;0;0;0;50;0;0;0;0;0;0;0;0;0;0;83;0;0;0;0;0;0;0;55;0;0;0;0;0;0;0;0;0;0;0;0;0;0;0;0;0;0;0;0;0;0;0;28;0;14;0;0;78;0;3;0;0;36;10;0;0;0;0;0;0;0;0;0;0;35;0;37;0;0;0;0;0;20;0;0;0;0;0;0;0;0;0;32;0;0;0;0;0;0;0;0;0;0;0;0;0;25;0;0;0;0;0;0;0;0;0;0;0;0;0;0;0;0;0;0;0;0;0;0;0;0;0;0;0;0;0;0;0;0;0;0;0;0;0;0;0;0;0;0;0;0;0;0;0;0;0;0;0;0;0;32;0;0;0;0;0;0;0;0;0;0;0;0;0;0;0;0;0;0;0;0;0;0;0;0;0;0;0;0;0;0;0;0;0;0;0;59;0;0;0;0;0;0;0;0;0;0;0;0;0;0;0;0;0;0;0;0;0;0;0;0;0;0;0;0;0;0;0;0;0;0;0;0;0;0;0;0;0;0;0;0;0;0;0;0;0;0;0;0;0;0;0;0;0;0;0;0;0;0;0;0;0;0;0;0;0;0;0;0;0;0;0;0;0;0;0;0;0;0;0;0;0;0;0;0;0;0;0;0;0;0;0;0;0;0;0;0;0;0;0;0;0;0;0;0;0;0;0;0;0;0;0;0;0;0;0;0;0;0;0;0;0;0;0;0;0;0;0;0;0;0;0;0;0;0;0;0;0;0;0;0;0;0;0;0;0;0;0;0;0;0;0;0;0;0;0;0;0;0;0;0;0;0;0;0;0;0;0;0;0;0;0;0;0;0;0;0;0;0;0;0;0;0;0;0;0;0;0;0;0;0;0;0;0;0;0;0;0;0;0;0;0;0;0;0;0;0;0;0;0;0;0;0;0;0;0;0;0;0;0;0;0;0;0;0;0;0;0;0;0;0;0;0;0;0;0;0;0;0;13;0;0;0;0;0;0;0;0;0;0;0;3;0;0;0;0;0;0;0;0;0;0;0;0;0;0;0;0;0;0;0;0;0;0;0;0;0;0;0;0;0;0;0;0;0;0;0;0;0;0;0;0;0;0;0;0;0;0;0;0;0;0;0;0;0;0;0;0;0;0;0;0;0;0;0;0;0;0;0;0;0;0;0;0;0;0;0;0;0;0;0;0;0;0;0;0;0;0;0;0;0;0;0;0;0;0;0;0;0;0;0;0;0;0;0;0;0;0;0;0;0;0;0;0;0;0;0;0;0;0;0
72;1.7;0.1;9.6;43.8;0.6;11.4;4.0;4.3;288;11.7;258;small;35913;10262;2910;545;5833;339;2407;0;771;252;121;0;114;0;0;727;1136;79;25;2223;275;0;828;148;0;397;251;0;0;0;0;303;0;89;82;415;0;16;0;0;100;7;128;0;32;370;0;0;0;78;0;32;0;0;0;0;52;0;0;0;0;0;0;6;0;87;0;0;0;88;0;0;0;0;0;42;0;0;413;0;207;62;8;0;36;0;0;70;0;0;0;0;0;0;0;0;63;0;122;0;0;0;0;0;0;57;82;0;0;0;0;242;0;0;0;0;0;0;0;0;0;0;47;0;0;0;0;0;0;0;64;0;18;0;0;112;88;0;0;0;52;16;0;0;0;0;0;7;0;0;0;0;49;0;58;0;0;0;0;0;46;0;0;0;0;0;0;0;0;0;47;37;0;0;0;0;0;0;0;53;0;0;0;0;57;0;0;0;0;0;0;0;0;0;0;0;0;0;97;0;0;23;0;0;0;0;0;0;0;0;0;0;0;0;0;0;0;0;0;0;0;0;0;0;0;0;0;0;0;0;0;0;0;0;0;0;37;0;33;0;0;0;0;0;0;0;0;0;0;0;0;46;0;0;0;0;0;0;0;0;0;0;0;0;0;0;142;0;0;0;0;0;0;0;74;0;0;0;0;0;0;0;0;0;0;0;0;0;0;0;0;0;0;11;0;0;0;0;0;0;0;0;0;0;0;0;0;0;0;0;0;0;0;0;0;0;0;0;0;0;0;0;0;0;0;0;0;0;7;0;0;0;0;0;0;0;0;0;0;0;0;0;0;0;0;0;0;0;0;0;0;0;0;0;0;0;0;0;0;0;0;0;0;0;0;0;0;0;0;0;0;0;0;0;0;0;0;0;0;0;0;0;0;0;0;0;0;0;0;0;0;0;0;0;0;0;0;0;0;0;0;0;0;0;0;0;0;0;0;0;0;0;0;0;0;0;0;0;0;0;0;0;0;0;0;0;0;0;0;0;0;0;0;0;0;0;0;0;0;0;0;0;0;0;0;0;0;0;0;0;0;0;0;0;0;0;0;0;0;0;0;0;0;0;0;0;0;0;0;0;0;0;0;0;0;0;0;0;18;0;0;0;0;0;0;0;0;0;0;0;0;0;0;0;0;0;0;0;0;0;0;0;0;0;0;0;0;0;0;0;0;0;0;0;0;0;0;0;0;0;0;0;0;0;0;0;0;0;0;0;0;0;0;0;0;0;0;0;0;0;0;0;0;0;0;0;0;0;0;0;0;0;0;0;0;0;0;0;0;0;0;0;0;0;0;5;0;0;0;0;0;0;0;0;0;0;0;0;0;0;0;0;0;0;0;0;0;0;0;0;0;0;0;0;0;0;0;0;0;0;0;0;0;0;0;0;0;0;0;0;0;0;0;0;0;0;0;0;0;0;0;0;0;0;0;0;0;0;0;0;0;0;0;0;0;0;0;0;0;0;0;0;0;0;0;0;0;0;0
79;6.5;0.5;73.3;66.9;0.4;7.6;4.9;2.2;397;10.3;386;medium;3476;919;9715;0;122;9;991;428;0;2629;245;974;0;580;0;303;265;4587;5509;160;1356;0;0;2949;84;189;635;0;0;0;0;127;468;805;0;0;0;0;45;0;104;0;36;0;15;0;72;103;0;0;269;631;0;125;0;0;0;0;0;0;0;0;0;601;0;84;0;363;0;0;0;0;122;199;640;290;0;0;0;0;0;0;0;0;0;0;0;0;68;0;242;0;0;0;610;0;0;0;0;47;0;0;0;0;0;0;0;0;161;0;0;0;227;65;0;0;0;0;222;635;0;0;32;0;0;0;0;0;0;0;0;0;0;0;0;0;0;0;50;0;0;21;0;0;0;0;0;19;351;0;0;83;0;150;0;0;297;0;0;0;0;0;0;0;0;0;0;0;0;0;0;0;0;25;0;0;72;0;0;0;55;0;0;31;0;0;0;0;0;0;0;44;0;0;0;0;0;0;0;0;136;0;0;0;129;0;0;0;0;0;0;0;0;0;0;0;0;0;0;0;0;0;0;0;0;0;0;0;0;0;0;0;0;0;0;0;0;0;0;0;0;0;0;0;0;0;0;0;0;0;161;0;20;0;0;0;0;0;0;0;0;0;0;0;0;0;0;0;0;0;0;0;0;0;0;0;0;0;0;0;0;0;0;0;112;0;0;0;0;0;0;0;0;0;0;0;0;0;0;0;0;0;0;0;0;0;0;0;0;0;0;0;19;20;0;0;0;0;0;0;0;0;29;0;0;0;0;0;0;0;0;0;0;0;24;0;15;0;0;0;0;0;0;0;0;0;0;0;0;0;0;0;0;0;0;0;0;0;0;0;0;0;0;0;0;0;0;0;0;0;0;0;0;0;0;0;0;0;0;0;0;0;0;0;0;0;0;0;0;0;0;0;0;0;0;0;0;0;0;0;0;0;0;0;0;0;0;0;0;0;0;0;0;0;0;0;0;0;0;0;0;0;0;0;0;0;0;0;0;0;0;10;0;0;0;0;0;0;0;0;0;0;0;25;0;0;0;0;0;0;0;0;0;0;0;0;13;0;0;0;0;0;0;0;0;0;0;0;0;0;0;0;0;0;0;0;0;0;0;0;0;0;0;0;0;0;0;0;0;0;0;0;0;0;0;0;0;0;0;0;0;0;0;0;0;0;0;0;0;0;0;0;0;0;0;0;0;0;0;0;0;0;0;0;0;0;0;0;0;0;0;0;0;0;0;0;0;0;0;0;0;0;0;0;0;0;0;0;0;0;0;0;0;0;0;0;0;0;0;0;0;0;0;0;0;0;0;0;0;0;0;0;0;0;0;0;0;0;0;0;0;0;0;0;0;0;0;0;0;0;0;0;0;0;0;0;0;0;0;0;0;0;0;0;0;0;0;0;0;0;0;0;0;0;0;0;0;0;0;0;0;0;0;0;0;0;0;0;0;0;0;0;0;0;0;0;0;0;0;0;0;0;0;0;0;2;0;0;0
